playerid,xMLBAMID,PlayerName,Team,G,GS,IP,W,SV,HLD,H,ER,BB,HBP,SO
22267,669373,Tarik Skubal,DET,31,31,195.1,13,0,0,141,48,33,5,241
33677,694973,Paul Skenes,PIT,32,32,187.2,10,0,0,136,41,42,6,216
20778,650911,Cristopher Sánchez,PHI,32,32,202.0,13,0,0,171,56,44,6,212
27463,676979,Garrett Crochet,BOS,32,32,205.1,18,0,0,165,59,46,3,255
17995,657277,Logan Webb,SFG,34,34,207.0,15,0,0,210,74,46,6,224
19959,666200,Jesús Luzardo,PHI,32,32,183.2,15,0,0,167,80,57,3,216
33825,808967,Yoshinobu Yamamoto,LAD,30,30,173.2,12,0,0,113,48,59,3,201
13743,608331,Max Fried,NYY,32,32,195.1,19,0,0,164,62,51,10,189
25880,686613,Hunter Brown,HOU,31,31,185.1,12,0,0,133,50,57,7,206
14107,592332,Kevin Gausman,TOR,32,32,193.0,10,0,0,155,77,50,3,189
10310,554430,Zack Wheeler,PHI,24,24,149.2,10,0,0,107,45,33,8,195
17277,624133,Ranger Suarez,PHI,26,26,157.1,12,0,0,154,56,38,6,151
17295,664285,Framber Valdez,HOU,31,31,192.0,13,0,0,171,78,68,7,187
29911,671096,Andrew Abbott,CIN,29,29,166.1,10,0,0,148,53,43,3,149
9132,543135,Nathan Eovaldi,TEX,22,22,130.0,11,0,0,90,25,21,7,129
15454,601713,Nick Pivetta,SDP,31,31,181.2,13,0,0,129,58,50,3,190
14078,608379,Michael Wacha,KCR,31,31,172.2,10,0,0,166,74,45,4,126
18679,642547,Freddy Peralta,MIL,33,33,176.2,17,0,0,124,53,66,9,204
30279,693433,Bryan Woo,SEA,30,30,186.2,15,0,0,137,61,36,4,198
10603,519242,Chris Sale,ATL,21,20,125.2,7,0,0,102,36,32,11,165
12768,543243,Sonny Gray,STL,32,32,180.2,14,0,0,185,86,38,3,201
15440,571510,Matthew Boyd,CHC,31,31,179.2,14,0,0,154,64,42,9,154
18525,656302,Dylan Cease,SDP,32,32,168.0,8,0,0,152,85,71,5,215
10954,594798,Jacob deGrom,TEX,30,30,172.2,12,0,0,122,57,37,3,185
21455,663460,Kris Bubic,KCR,20,20,116.1,8,0,0,98,33,39,3,116
22286,669432,Trevor Rogers,BAL,18,18,109.2,9,0,0,70,22,29,2,103
16137,607074,Carlos Rodón,NYY,33,33,195.1,18,0,0,132,67,73,9,203
20302,656849,David Peterson,NYM,30,30,168.2,9,0,0,166,79,65,7,150
21390,657746,Joe Ryan,MIN,31,30,171.0,13,0,0,138,65,39,12,194
11156,518876,Merrill Kelly,- - -,32,32,184.0,12,0,0,157,72,48,2,167
22100,667755,José Soriano,LAA,31,31,169.0,10,0,0,158,80,78,5,152
22182,668881,Hunter Greene,CIN,19,19,107.2,7,0,0,75,33,26,2,132
22201,669022,MacKenzie Gore,WSN,30,30,159.2,5,0,0,152,74,64,5,185
25377,663903,Brady Singer,CIN,32,32,169.2,14,0,0,150,76,60,14,163
26378,666157,Nick Lodolo,CIN,29,28,156.2,9,0,0,138,58,31,13,156
27867,671922,Cade Smith,CLE,76,0,73.2,8,16,19,55,24,19,4,104
10233,547973,Aroldis Chapman,BOS,67,0,61.1,5,32,4,28,8,15,0,85
15689,622491,Luis Castillo,SEA,32,32,180.2,11,0,0,168,71,46,7,162
19350,665152,Dean Kremer,BAL,31,29,171.2,11,0,0,163,80,45,2,142
30113,694477,Chad Patrick,MIL,27,23,119.2,3,0,1,113,47,40,4,127
22250,669302,Logan Gilbert,SEA,25,25,131.0,6,0,0,104,50,31,7,173
25385,656876,Drew Rasmussen,TBR,31,31,150.0,10,0,0,116,46,37,5,127
17479,656427,Jack Flaherty,DET,31,31,161.0,8,0,0,147,83,59,5,188
15890,622663,Luis Severino,ATH,29,29,162.2,8,0,0,162,82,50,16,124
23301,676083,Janson Junk,MIA,21,16,110.0,6,1,0,112,51,13,4,77
2036,477132,Clayton Kershaw,LAD,23,22,112.2,11,0,0,102,42,35,2,84
17594,656605,Mitch Keller,PIT,32,32,176.1,6,0,0,171,82,51,10,150
20633,579328,Yusei Kikuchi,LAA,33,33,178.1,7,0,0,180,79,74,3,174
16256,607536,Kyle Freeland,COL,31,31,162.2,5,0,0,193,90,38,6,124
12304,605135,Chris Bassitt,TOR,32,31,170.1,11,0,0,174,75,52,13,166
25436,669923,George Kirby,SEA,23,23,126.0,10,0,0,121,59,29,7,137
31846,680885,Spencer Schwellenbach,ATL,17,17,110.2,7,0,0,89,38,18,2,108
20492,663554,Casey Mize,DET,28,28,149.0,14,0,0,153,64,36,3,139
12718,605288,Adrian Houser,- - -,21,21,125.0,8,0,0,122,46,38,8,92
30146,683004,Jack Leiter,TEX,29,29,151.2,10,0,0,127,65,67,5,148
8700,434378,Justin Verlander,SFG,29,29,152.0,4,0,0,155,65,52,6,137
20191,676477,Garrett Whitlock,BOS,62,0,72.0,7,1,24,54,18,24,5,91
20039,670970,Adrian Morejon,SDP,75,0,73.2,13,3,20,49,17,17,0,70
16609,650556,Bryan Abreu,HOU,70,0,71.0,3,7,25,51,18,31,4,105
31687,681343,Shane Smith,CHW,29,29,146.1,7,0,0,117,62,58,12,145
11486,592662,Robbie Ray,SFG,32,32,182.1,11,0,0,148,74,73,4,186
31872,690990,Cade Horton,CHC,23,22,118.0,11,0,0,95,35,33,6,97
21029,661395,Jhoan Duran,- - -,72,0,70.0,7,32,1,58,16,19,3,80
12730,607259,Nick Martinez,CIN,40,26,165.2,11,0,5,158,82,42,6,116
30182,701542,Will Warren,NYY,33,33,162.1,9,0,0,158,80,65,4,171
21846,666142,Cole Ragans,KCR,13,13,61.2,3,0,0,53,32,20,2,98
29839,686218,Emmet Sheehan,LAD,15,12,73.1,6,0,0,49,23,22,2,89
19569,670280,David Bednar,- - -,64,0,62.2,6,27,4,46,16,19,1,86
31757,695243,Mason Miller,- - -,60,0,61.2,1,22,10,28,18,28,1,104
26253,669194,Ryne Nelson,ARI,33,23,154.0,7,1,0,124,58,41,4,132
26221,686752,Ryan Pepiot,TBR,31,31,167.2,11,0,0,134,72,61,6,167
21690,665795,Edward Cabrera,MIA,26,26,137.2,8,0,0,121,54,48,10,150
14710,621242,Edwin Díaz,NYM,62,0,66.1,6,28,0,37,12,21,8,98
22264,669358,Shane Baz,TBR,31,31,166.1,10,0,0,158,90,64,9,176
15474,608337,Lucas Giolito,BOS,26,26,145.0,10,0,0,131,55,56,1,121
16358,641816,Tyler Mahle,TEX,16,16,86.2,6,0,0,69,21,29,0,66
19755,660271,Shohei Ohtani,LAD,14,14,47.0,1,0,0,40,15,9,0,62
23920,678394,Brayan Bello,BOS,29,28,166.2,11,0,0,147,62,59,13,124
30115,663158,Robert Suarez,SDP,70,0,69.2,4,40,0,47,23,16,2,75
13649,605280,Clay Holmes,NYM,33,31,165.2,12,0,0,150,65,66,13,129
20373,662253,Andrés Muñoz,SEA,64,0,62.1,3,38,0,36,12,28,4,83
13543,605483,Blake Snell,LAD,11,11,61.1,5,0,0,51,16,26,0,72
25977,682990,Quinn Priester,MIL,29,24,157.1,13,0,0,145,58,50,6,132
27768,691587,Eury Pérez,MIA,20,20,95.1,7,0,0,68,45,32,3,105
9323,571578,Patrick Corbin,TEX,31,30,155.1,7,0,0,161,76,51,3,131
30134,676440,Tanner Bibee,CLE,31,31,182.1,12,0,0,170,86,54,10,162
12317,607067,Colin Rea,CHC,32,27,159.1,11,1,0,155,70,44,6,127
30184,702070,Noah Cameron,KCR,24,24,138.1,9,0,0,109,46,43,3,114
12049,543294,Kyle Hendricks,LAA,31,31,164.2,8,0,0,167,87,43,5,114
17085,641154,Pablo López,MIN,14,14,75.2,5,0,0,64,23,20,4,73
22294,669461,Matthew Liberatore,STL,29,29,151.2,8,0,0,158,71,40,4,122
22543,671737,Taj Bradley,- - -,27,27,142.2,6,0,0,131,80,56,4,127
16162,605540,Brandon Woodruff,MIL,12,12,64.2,7,0,0,45,23,14,3,83
19769,676684,Will Vest,DET,64,0,68.2,6,23,3,61,23,22,1,75
18684,645261,Sandy Alcantara,MIA,31,31,174.2,11,0,0,165,104,57,9,142
17677,605488,Jeffrey Springs,ATH,32,30,171.0,11,0,0,153,78,54,3,138
16943,656794,Sean Newcomb,- - -,48,5,92.1,2,2,4,94,28,31,5,91
27589,671106,Logan Allen,CLE,30,29,156.2,8,0,0,157,74,62,6,122
33927,691799,Grant Taylor,CHW,36,2,36.2,2,6,9,37,20,15,0,54
21487,663568,Stephen Kolek,- - -,19,19,112.2,5,0,0,98,44,31,7,77
17170,642100,Gabe Speier,SEA,76,0,62.0,4,0,24,43,18,11,5,82
20253,643377,Griffin Jax,- - -,73,2,66.0,1,0,28,64,31,21,1,99
30249,676263,Jack Dreyer,LAD,67,5,76.1,3,4,10,56,25,24,0,74
25327,682842,Abner Uribe,MIL,75,0,75.1,3,7,37,51,14,27,6,90
27782,694297,Brandon Pfaadt,ARI,33,33,176.2,13,0,0,198,103,37,12,147
27572,669387,Carmen Mlodzinski,PIT,34,12,99.0,5,0,3,102,39,27,4,89
14374,607192,Tyler Glasnow,LAD,18,18,90.1,4,0,0,56,32,43,3,106
27552,668933,Graham Ashcraft,CIN,62,0,65.1,8,0,23,68,29,25,0,64
13580,595345,Steven Okert,HOU,68,1,71.2,3,1,10,45,24,19,2,84
23793,677952,Braxton Ashcraft,PIT,26,8,69.2,4,0,4,63,21,24,2,71
17722,656730,Trevor Megill,MIL,50,0,47.0,6,30,0,36,13,17,0,60
13799,621381,Matt Strahm,PHI,66,0,62.1,2,6,22,47,19,20,2,70
18064,664208,Phil Maton,- - -,63,0,61.1,4,5,22,42,19,23,7,81
31204,680736,Justin Wrobleski,LAD,24,2,66.2,5,2,6,65,32,17,3,76
23335,676282,Joey Cantillo,CLE,34,13,95.1,5,1,1,78,34,42,0,108
21318,656731,Tylor Megill,NYM,14,14,68.1,5,0,0,60,30,33,7,89
15823,641793,Zack Littell,- - -,32,32,186.2,10,0,0,174,79,32,7,130
30122,668909,Gavin Williams,CLE,31,31,167.2,12,0,0,130,57,83,3,173
23974,678495,Randy Rodríguez,SFG,50,0,50.2,3,4,13,34,10,11,4,67
31838,673540,Kodai Senga,NYM,22,22,113.1,7,0,0,94,38,55,3,109
30055,700249,Cade Povich,BAL,22,20,112.1,3,0,0,125,65,43,1,118
24763,681517,Kyle Leahy,STL,62,1,88.0,4,1,18,80,30,28,1,80
24017,678606,Jose A. Ferrer,WSN,72,0,76.1,4,11,21,81,38,16,7,71
24968,681857,Reese Olson,DET,13,13,68.2,4,0,0,58,24,25,5,65
35333,695505,Chase Burns,CIN,13,8,43.1,0,0,1,41,22,16,0,67
19316,641778,Eric Lauer,TOR,28,15,104.2,9,0,1,90,37,26,2,102
31827,805673,Zebby Matthews,MIN,16,16,79.1,5,0,0,94,49,24,0,88
15816,642207,Devin Williams,NYY,67,0,62.0,4,18,15,45,33,25,4,90
12857,542888,Shawn Armstrong,TEX,71,2,74.0,4,9,12,40,19,20,6,74
24094,678692,Ronny Henriquez,MIA,69,0,73.0,7,7,26,53,18,27,4,98
24728,681347,Mike Burrows,PIT,23,19,96.0,2,0,0,88,42,31,5,97
32095,693645,Cam Schlittler,NYY,14,14,73.0,4,0,0,58,24,31,5,84
15541,643511,Tyler Rogers,- - -,81,0,77.1,4,0,32,66,17,7,1,48
14168,621244,José Berríos,TOR,31,30,166.0,9,0,0,160,77,56,7,138
15734,641745,Brad Keller,CHC,68,1,69.2,4,3,25,45,16,22,6,75
19899,657376,Clarke Schmidt,NYY,14,14,78.2,4,0,0,56,29,30,1,73
21448,663436,Davis Martin,CHW,26,25,142.2,7,0,0,136,65,48,6,104
30085,676508,Ben Casparius,LAD,46,3,77.2,7,2,13,78,40,21,3,71
13164,593958,Eduardo Rodriguez,ARI,29,29,154.1,9,0,0,178,86,60,1,143
17735,641302,Tyler Alexander,- - -,52,5,97.2,5,1,3,107,54,30,2,82
21574,663893,Brendon Little,TOR,79,0,68.1,4,1,30,48,23,45,2,91
21306,656641,Jacob Latz,TEX,33,8,85.2,2,1,1,69,27,37,0,76
17556,623474,Jimmy Herget,COL,59,0,83.1,1,0,9,72,23,26,7,81
31972,695418,Brad Lord,WSN,48,19,130.2,5,0,7,126,63,43,3,108
25098,682052,Jacob Lopez,ATH,21,17,92.2,7,0,0,81,42,37,8,113
11861,592094,Jason Adam,SDP,65,0,65.1,8,0,29,50,14,25,3,70
27691,686973,Louis Varland,- - -,74,1,72.2,4,0,22,65,24,22,2,75
23550,676879,Aaron Ashby,MIL,43,1,66.2,5,3,5,54,16,24,4,76
14843,547179,Michael Lorenzen,KCR,27,26,141.2,7,0,0,149,73,39,6,127
31623,694819,Jacob Misiorowski,MIL,15,14,66.0,5,0,0,51,32,31,3,87
15009,640448,Kyle Finnegan,- - -,56,0,57.0,4,24,3,45,22,18,1,55
27468,672282,Reid Detmers,LAA,61,0,63.2,5,3,13,58,28,25,2,80
33703,690997,Nolan McLean,NYM,8,8,48.0,5,0,0,34,11,16,2,57
33527,694462,Hurston Waldrep,ATL,10,9,56.1,6,0,0,45,18,22,3,55
16977,592866,Trevor Williams,WSN,17,17,82.2,3,0,0,106,57,21,2,65
17878,642701,Dennis Santana,PIT,70,0,70.1,4,16,12,44,17,17,3,60
21224,641927,Bailey Ober,MIN,27,27,146.1,6,0,0,159,83,31,5,120
24494,680573,Simeon Woods Richardson,MIN,23,22,111.1,7,0,0,96,50,46,3,107
19962,666214,Joey Wentz,- - -,39,13,98.0,5,0,0,110,61,43,1,92
24586,680694,Kyle Bradish,BAL,6,6,32.0,1,0,0,23,9,10,1,47
30076,694738,Landen Roupp,SFG,22,22,106.2,7,0,0,113,45,45,3,102
10078,573204,Caleb Thielbar,CHC,67,0,58.0,3,1,25,38,17,13,0,56
13361,571927,Steven Matz,- - -,53,2,76.2,5,2,13,73,26,11,2,59
33666,813349,Connelly Early,BOS,4,4,19.1,1,0,0,17,5,4,1,29
11674,592791,Jameson Taillon,CHC,23,23,129.2,11,0,0,110,53,27,0,98
14212,623352,Josh Hader,HOU,48,0,52.2,6,28,0,29,12,16,2,76
18383,647336,Michael Soroka,- - -,22,17,89.2,3,0,1,72,45,29,15,95
21032,661403,Emmanuel Clase,CLE,48,0,47.1,5,24,1,46,17,12,4,47
14542,608032,Carlos Estévez,KCR,67,0,66.0,4,42,0,48,18,22,4,54
21345,656986,Bennett Sousa,HOU,44,0,50.2,5,4,7,37,16,15,0,59
27932,693855,Ian Seymour,TBR,19,5,57.0,4,0,0,48,23,19,3,64
23590,676962,Ben Brown,CHC,25,15,106.1,5,1,1,121,70,32,4,121
19291,668678,Zac Gallen,ARI,33,33,192.0,13,0,0,176,103,66,4,175
19926,663574,Tony Santillan,CIN,80,0,73.2,1,7,33,53,20,29,5,75
22210,669093,Jeremiah Estrada,SDP,77,0,73.0,4,3,30,58,28,27,3,108
14771,641941,Emilio Pagán,CIN,70,0,68.2,2,32,2,41,22,22,2,81
4301,458677,Justin Wilson,BOS,61,0,48.1,4,0,18,48,18,20,2,57
29863,686701,Ryan Bergert,- - -,19,15,76.1,2,0,0,61,31,35,1,73
17130,628452,Raisel Iglesias,ATL,70,0,67.1,4,29,2,51,24,16,2,73
29629,694335,Matt Svanson,STL,39,0,60.1,4,0,5,33,13,20,4,68
31986,800048,Parker Messick,CLE,7,7,39.2,3,0,0,46,12,6,0,38
25007,681911,Alex Vesia,LAD,68,0,59.2,4,5,25,37,20,22,5,80
17998,664126,Pete Fairbanks,TBR,61,0,60.1,4,27,0,45,19,18,1,59
13346,571948,Hoby Milner,TEX,73,0,70.1,3,0,18,68,30,21,2,58
30240,690928,Hunter Dobbins,BOS,13,11,61.0,4,0,0,61,28,17,2,45
27914,694037,Daniel Palencia,CHC,54,0,52.2,1,22,6,44,17,16,2,61
29868,696149,Bubba Chandler,PIT,7,4,31.1,4,1,0,25,14,4,3,31
19867,656288,Griffin Canning,NYM,16,16,76.1,7,0,0,70,32,35,0,70
16149,605400,Aaron Nola,PHI,17,17,94.1,5,0,0,99,63,28,4,97
27646,682847,Luis Ortiz,CLE,16,16,88.2,4,0,0,80,43,42,1,96
18297,641755,Tyler Kinley,- - -,73,0,72.2,6,3,13,53,32,33,3,73
27498,675911,Spencer Strider,ATL,23,23,125.1,7,0,0,124,62,51,8,131
15145,623437,Justin Topa,MIN,54,1,60.0,1,4,4,68,26,18,4,49
19479,650644,Aaron Civale,- - -,23,18,102.0,4,1,0,96,55,33,7,88
29869,700241,Michael McGreevy,STL,17,16,95.2,8,0,0,100,47,20,3,58
27517,657649,Jared Koenig,MIL,72,0,66.0,6,2,27,57,21,20,4,68
33829,684007,Shota Imanaga,CHC,25,25,144.2,9,0,0,117,60,26,1,117
19574,668941,JoJo Romero,STL,65,0,61.0,4,8,24,47,14,29,2,55
27779,693821,Bryce Elder,ATL,28,28,156.1,8,0,0,167,92,51,6,131
16944,656550,Grant Holmes,ATL,22,21,115.0,4,0,0,100,51,54,7,123
27636,680730,Mitchell Parker,WSN,33,30,164.2,9,1,0,178,104,58,4,103
19249,622554,Seranthony Domínguez,- - -,67,0,62.2,4,2,20,44,22,36,2,79
20539,670955,Edwin Uceta,TBR,70,0,76.0,10,1,21,62,32,27,8,103
19360,668674,Lucas Erceg,KCR,61,0,61.1,8,2,22,54,18,18,4,48
17606,664299,Cristian Javier,HOU,8,8,37.0,2,0,0,32,19,15,1,34
11423,500779,Jose Quintana,MIL,24,24,131.2,11,0,0,120,58,50,5,89
25636,683769,Hunter Gaddis,CLE,73,0,66.2,2,3,35,58,23,21,1,73
19853,650633,Michael King,SDP,15,15,73.1,5,0,0,62,28,26,4,76
6902,527048,Martín Pérez,CHW,11,10,56.0,1,0,0,40,22,22,2,44
26440,687473,Ryan Gusto,- - -,27,17,101.2,7,0,0,114,64,36,5,97
26056,687888,Brandon Walter,HOU,9,9,53.2,1,0,0,46,20,4,3,52
12828,552640,Andrew Kittredge,- - -,54,0,53.0,4,5,15,41,20,11,0,64
31475,701656,Logan Henderson,MIL,5,5,25.1,3,0,0,17,5,8,0,33
24609,680755,Braydon Fisher,TOR,52,1,50.0,7,0,5,32,15,19,3,62
19330,670036,Matt Festa,CLE,63,0,54.2,5,0,12,44,25,15,5,56
24719,681190,Randy Vásquez,SDP,28,26,133.2,6,0,0,125,57,52,7,78
19349,657571,Caleb Ferguson,- - -,70,0,65.1,5,0,14,54,26,22,6,51
19716,669160,Dustin May,- - -,25,23,132.1,7,0,0,132,73,56,12,123
21461,663485,Cole Sands,MIN,69,3,72.0,4,3,13,65,36,19,4,64
16990,621383,Tanner Banks,PHI,69,1,67.1,6,1,10,56,23,12,1,61
7048,518585,Fernando Cruz,NYY,49,0,48.0,3,2,16,33,19,24,3,72
16866,657585,Reed Garrett,NYM,58,1,55.1,3,3,20,47,24,26,1,64
25756,666374,Matt Brash,SEA,53,0,47.1,1,4,21,41,13,18,2,58
10061,548384,Brooks Raley,NYM,30,0,25.2,3,0,10,14,7,6,2,25
19178,667297,Tommy Nance,TOR,30,0,31.2,2,0,5,25,7,7,1,32
27889,669372,J.T. Ginn,ATH,23,16,90.1,4,0,1,92,51,31,6,99
19361,669203,Corbin Burnes,ARI,11,11,64.1,3,0,0,49,19,26,3,63
6984,472610,Luis García,- - -,58,0,55.1,2,2,12,55,21,26,0,48
19677,642397,Gregory Soto,- - -,70,0,60.1,1,1,22,62,28,24,11,70
17897,664076,Garrett Cleavinger,TBR,67,0,61.1,2,2,21,40,16,18,7,82
26108,669467,Andre Pallante,STL,31,31,162.2,6,0,0,173,96,62,5,111
27500,677944,Slade Cecconi,CLE,23,23,132.0,7,0,0,125,63,32,3,109
29878,680732,Sean Burke,CHW,28,22,134.1,4,0,0,131,63,63,6,133
31776,689147,Orion Kerkering,PHI,69,0,60.0,8,4,19,55,22,27,4,65
18694,663465,Kolby Allard,CLE,33,2,65.0,2,0,3,64,19,14,1,42
25890,687911,Bryan King,HOU,68,0,68.0,5,2,27,60,21,11,4,69
20099,663978,Chris Paddack,- - -,33,28,158.0,5,1,0,166,94,37,3,112
23237,675848,Juan Mejia,COL,55,0,61.1,2,1,12,52,27,25,6,68
16727,592779,Brock Stewart,- - -,43,0,37.2,2,0,16,32,11,13,4,44
11426,519141,Drew Pomeranz,CHC,57,4,49.2,2,1,14,38,12,15,5,57
20375,669711,Greg Weissert,BOS,72,0,67.0,6,4,17,57,21,21,3,57
20794,655889,Manuel Rodríguez,TBR,31,0,30.1,1,0,11,26,7,6,1,25
13293,543056,Danny Coulombe,- - -,55,1,43.0,2,2,9,32,11,18,0,43
20385,676755,Isaac Mattson,PIT,44,0,47.2,3,0,12,35,13,19,2,45
22304,669724,Brenan Hanifee,DET,54,0,60.0,3,0,10,65,20,14,2,40
10197,571946,Shelby Miller,- - -,48,0,46.0,4,10,9,33,14,15,4,54
33850,687075,Brandon Sproat,NYM,4,4,20.2,0,0,0,18,11,7,2,17
21992,666808,Camilo Doval,- - -,69,0,65.1,4,16,10,51,26,35,3,72
20423,676254,Ryan Walker,SFG,68,0,61.1,5,17,9,60,28,18,8,60
3096,445276,Kenley Jansen,LAA,62,0,59.0,5,29,0,37,17,19,1,57
20666,642585,Félix Bautista,BAL,35,0,34.2,1,19,0,16,10,23,0,50
30133,676428,Brant Hurter,DET,43,4,63.0,4,2,5,57,17,27,11,68
16835,657514,Brennan Bernardino,BOS,55,3,51.2,4,1,2,39,18,26,3,43
15551,643410,Mark Leiter Jr.,NYY,59,0,48.1,6,2,14,57,26,17,4,54
19407,669854,Ronel Blanco,HOU,9,9,48.1,3,0,0,37,22,20,0,48
13619,596001,Jakob Junis,CLE,57,0,66.2,4,0,6,64,22,18,4,55
29914,674841,Andrew Alvarez,WSN,5,5,23.1,1,0,0,16,6,10,1,20
29960,700363,AJ Smith-Shawver,ATL,9,9,44.1,3,0,0,42,19,21,1,42
27669,685299,Tanner Gordon,COL,15,15,75.1,6,0,0,96,53,17,3,62
21052,661563,Luis Gil,NYY,11,11,57.0,4,0,0,47,21,33,1,41
22288,669438,Mason Englert,TBR,29,0,44.2,0,0,1,43,19,11,1,44
21520,663687,Hogan Harris,ATH,48,0,64.2,2,4,3,54,23,33,1,65
11847,455119,Chris Martin,TEX,49,0,42.1,2,2,13,43,14,8,1,43
20070,663559,Bailey Falter,- - -,26,24,125.1,7,0,0,115,62,46,1,81
24614,680767,Victor Vodnik,COL,52,0,50.2,4,10,7,45,17,26,0,49
13932,608650,Dietrich Enns,- - -,24,3,46.1,3,2,4,50,21,15,0,49
23363,676395,Robert Garcia,TEX,71,0,64.0,4,9,15,58,21,22,1,68
17381,657424,Matt Gage,- - -,33,2,31.0,0,0,2,35,11,12,2,27
29950,673929,Jordan Leasure,CHW,68,1,64.1,5,7,14,49,28,30,1,81
27474,676974,Max Meyer,MIA,12,12,64.2,3,0,0,72,34,20,2,68
11836,592836,Taijuan Walker,PHI,34,21,123.2,5,1,2,132,56,42,4,86
20997,660825,Eduard Bazardo,SEA,73,0,78.2,5,0,12,53,22,27,2,82
12447,607625,Seth Lugo,KCR,26,26,145.1,8,0,0,133,67,55,6,125
15507,640451,Hunter Harvey,KCR,12,0,10.2,1,0,5,6,0,1,0,11
14295,593974,Wandy Peralta,SDP,71,1,71.2,6,0,4,66,25,30,2,63
19804,641329,Bryan Baker,- - -,73,0,68.2,4,3,19,59,31,17,0,83
17639,664875,Justin Lawrence,PIT,17,0,17.2,1,0,6,9,1,8,2,23
23429,676664,JP Sears,- - -,27,27,135.2,9,0,0,143,76,36,6,117
29608,671212,Joe Boyle,TBR,13,9,52.0,1,0,0,43,27,28,3,58
29519,700669,Gordon Graceffo,STL,26,0,43.0,3,1,0,50,30,13,2,40
27758,690986,Kyle Harrison,- - -,11,6,35.2,1,0,1,35,16,14,1,38
16918,596133,Luke Weaver,NYY,64,0,64.2,4,8,21,46,26,20,1,72
32227,806960,Luis Morales,ATH,10,9,48.2,4,0,0,38,17,18,1,43
27473,676917,Cade Cavalli,WSN,10,10,48.2,3,0,0,57,23,15,4,40
25376,683232,Nick Mears,MIL,63,0,56.2,5,1,16,42,22,13,1,46
23313,676130,José Buttó,- - -,55,0,67.0,5,1,6,62,29,32,2,58
21267,656234,Jake Bird,- - -,48,0,55.1,4,0,10,60,34,25,3,66
26203,685314,Andrew Saalfrank,ARI,28,0,29.0,2,3,5,19,4,10,0,19
35456,702056,Trey Yesavage,TOR,3,3,14.0,1,0,0,13,5,7,0,16
19742,669622,Anthony Bender,MIA,51,0,50.0,3,4,19,32,12,21,2,42
15873,640455,Sean Manaea,NYM,15,12,60.2,2,0,0,62,38,12,7,75
30105,678024,Mike Vasil,CHW,47,3,101.0,5,4,2,74,28,52,8,82
30226,702352,Spencer Bivens,SFG,54,0,81.0,4,3,4,83,36,25,5,61
24993,681892,Kody Funderburk,MIN,39,0,41.0,4,1,7,44,16,18,3,40
16258,607481,Aaron Bummer,ATL,42,2,54.1,3,0,2,51,23,17,11,51
26448,686790,Trevor McDonald,SFG,3,2,15.0,1,0,0,13,3,2,0,14
18403,660853,Enyel De Los Santos,- - -,65,0,66.0,6,0,6,61,32,24,2,62
20353,621051,Steven Wilson,CHW,59,0,55.1,2,2,9,50,21,22,3,51
26344,688497,Taylor Rashi,ARI,10,0,16.1,0,2,0,16,8,8,0,22
17964,656457,Tyler Gilbert,CHW,46,5,51.0,4,1,5,40,22,24,2,49
20546,681982,Grant Anderson,MIL,66,0,69.2,2,0,6,59,25,29,2,74
3137,453286,Max Scherzer,TOR,17,17,85.0,5,0,0,87,49,23,2,82
25648,686580,Justin Slaten,BOS,36,0,34.0,2,3,6,27,16,10,0,25
21446,663372,Ryan Feltner,COL,6,6,30.1,0,0,0,33,16,12,0,25
31730,686563,Jonathan Cannon,CHW,22,17,103.2,4,0,0,116,67,38,6,86
22191,668964,Tobias Myers,MIL,22,6,50.2,1,0,1,54,20,15,2,38
17578,664141,JT Brubaker,- - -,17,1,28.2,0,0,0,23,12,12,1,22
12988,605177,Andrew Chafin,- - -,42,0,33.2,1,0,4,29,9,19,0,36
13074,506433,Yu Darvish,SDP,15,15,72.0,5,0,0,66,43,19,6,68
20349,677161,Zack Kelly,BOS,28,0,35.1,1,0,3,35,18,12,3,35
6107,623211,Huascar Brazobán,NYM,52,3,63.0,5,2,12,51,25,27,4,57
22207,669084,DL Hall,MIL,20,3,38.2,1,0,1,24,15,17,0,27
19312,615698,Cal Quantrill,- - -,26,26,117.2,4,0,0,136,79,35,5,85
14932,594902,Ben Lively,CLE,9,9,44.2,2,0,0,38,16,15,0,29
15256,642121,Cole Sulser,TBR,18,0,22.2,2,0,0,20,5,7,0,22
31468,678022,Jack Perkins,ATH,12,4,38.2,3,3,1,27,18,18,2,37
17780,621237,José Alvarado,PHI,28,0,26.0,4,7,5,27,11,7,1,32
6175,544150,Albert Suárez,BAL,5,1,11.2,2,0,0,9,3,2,1,10
27694,686993,Justin Sterner,ATH,59,1,65.0,4,0,16,47,23,21,7,70
27626,679358,Eric Orze,TBR,33,0,41.2,1,3,1,38,14,19,3,40
21741,665871,Javier Assad,CHC,8,7,37.0,4,0,0,33,15,12,4,23
24282,678906,Kai-Wei Teng,SFG,8,7,29.2,2,0,0,29,21,17,7,39
30056,701581,David Festa,MIN,11,10,53.1,3,0,0,49,32,19,4,53
17611,664199,Taylor Clarke,KCR,51,0,55.1,1,1,5,38,20,9,1,44
21420,660787,Yerry De los Santos,NYY,25,0,35.2,0,0,3,37,13,17,1,28
18655,621345,A.J. Minter,NYM,13,0,11.0,0,0,7,6,2,5,0,14
24978,681870,Erik Sabrowski,CLE,33,0,29.1,0,0,12,14,6,21,3,42
22717,672582,Angel Zerpa,KCR,69,2,64.2,5,0,14,67,30,22,2,58
20000,669330,Tyler Wells,BAL,4,4,21.2,2,0,0,17,7,2,0,18
4676,450203,Charlie Morton,- - -,33,27,142.0,9,0,0,152,92,72,14,149
19996,669276,Dylan Lee,ATL,74,0,68.1,2,2,19,53,25,14,0,76
31815,806188,Cade Gibson,MIA,44,1,54.2,4,0,4,44,16,21,6,43
20348,676617,Riley O'Brien,STL,42,0,48.0,3,6,6,33,11,22,7,45
20020,670167,John Schreiber,KCR,74,0,64.0,3,1,23,57,27,19,1,62
26429,689520,Cody Laweryson,MIN,5,0,7.2,0,0,0,4,1,0,0,7
5615,518489,Ryan Brasier,CHC,28,1,26.0,0,0,4,27,13,5,0,20
15038,608566,Germán Márquez,COL,26,26,126.1,3,0,0,168,94,48,6,83
19427,669456,Shane Bieber,TOR,7,7,40.1,4,0,0,34,16,7,1,37
30250,677955,Jaden Hill,COL,28,0,29.1,1,0,3,27,11,12,3,31
9803,571945,Miles Mikolas,STL,31,31,156.1,8,0,0,169,84,37,3,100
19481,621053,Tyler Ferguson,ATH,56,0,58.0,4,2,11,43,30,34,4,54
22175,668820,Max Kranick,NYM,24,0,37.0,3,0,5,34,15,5,0,25
31616,688158,David Morgan,SDP,41,2,47.1,1,0,1,35,14,23,2,50
14527,605347,Jorge López,WSN,26,0,24.2,6,1,5,25,18,7,3,17
13435,572955,Pierce Johnson,ATL,65,0,59.0,3,1,16,52,20,19,1,59
26944,683618,Edgardo Henriquez,LAD,22,0,19.0,2,1,5,17,5,5,0,18
26641,682790,Wikelman González,CHW,16,0,20.1,1,0,1,13,6,12,0,25
31843,677958,Kumar Rocker,TEX,14,14,64.1,4,0,0,71,41,23,4,56
29770,682254,Mason Montgomery,TBR,57,0,46.0,1,1,10,49,29,27,1,63
17968,656271,Brock Burke,LAA,69,1,61.2,7,0,15,58,23,18,3,52
21924,666661,Juan Morillo,ARI,42,0,34.1,0,1,5,38,16,20,1,36
26482,681151,Jayden Murray,HOU,9,1,11.2,0,0,2,10,2,3,0,8
27787,694361,Will Klein,LAD,14,0,15.1,1,0,1,14,4,10,2,21
20023,670329,Rico Garcia,- - -,29,1,34.1,0,0,10,31,12,10,0,38
19618,663855,Jordan Hicks,- - -,34,9,67.1,2,2,2,80,52,32,8,58
18138,664854,Ryan Helsley,- - -,58,0,56.0,3,21,1,61,28,25,1,63
19666,669920,Jason Alexander,- - -,18,13,77.1,4,1,0,80,41,26,3,65
18439,664849,Danny Young,NYM,10,0,8.1,0,0,4,9,4,3,1,13
25553,663671,Nic Enright,CLE,27,0,31.0,2,1,3,24,7,12,2,30
24995,681895,Evan Sisk,- - -,19,0,17.2,1,0,2,16,7,10,2,25
26191,669704,Kade Strowd,BAL,25,0,26.1,0,0,5,16,5,13,1,24
23307,676092,Collin Snider,SEA,24,0,26.1,2,0,4,32,16,6,2,24
22487,670912,Johan Oviedo,PIT,9,9,40.1,2,0,0,26,16,23,3,42
17734,623465,Evan Phillips,LAD,7,0,5.2,0,1,2,4,0,2,0,6
16647,657044,Ryan Thompson,ARI,48,0,41.1,3,1,17,42,18,13,2,36
24452,679883,Luinder Avila,KCR,13,0,14.0,1,0,0,7,2,6,0,16
21623,664991,Grant Wolfram,BAL,21,0,26.2,3,0,1,35,16,15,1,31
19274,657097,Jacob Webb,TEX,55,0,66.0,5,1,7,49,22,19,2,58
23488,676760,Ron Marinaccio,SDP,7,0,10.2,0,0,0,6,1,4,0,12
19736,676961,Caleb Boushley,TEX,25,1,43.1,0,1,0,54,29,14,2,41
27472,694363,Jared Shuster,CHW,12,2,15.2,0,0,0,27,14,5,2,12
22113,668390,Cole Winn,TEX,33,0,41.2,0,0,4,23,7,17,4,35
24607,680742,Jonathan Bowlan,KCR,34,1,44.1,1,0,2,37,19,17,0,46
19911,660761,José Suarez,ATL,7,1,19.1,2,1,1,15,4,10,0,16
33568,805299,Brandyn Garcia,- - -,14,0,14.1,0,0,2,18,9,8,1,14
32157,804636,Jonah Tong,NYM,5,5,18.2,2,0,0,24,16,9,0,22
23796,677960,Ryan Weathers,MIA,8,8,38.1,2,0,0,37,17,12,1,37
19876,656464,Kevin Ginkel,ARI,29,0,25.2,1,3,6,29,21,13,2,29
31553,689254,Mason Fluharty,TOR,55,0,52.2,5,1,5,36,26,24,2,56
29754,696147,Sam Bachman,LAA,23,0,20.1,2,0,2,22,14,10,1,18
27649,683175,Connor Phillips,CIN,21,0,25.0,5,0,1,11,8,12,2,32
27494,690925,Clayton Beeter,- - -,26,0,25.1,0,1,9,13,12,18,0,33
27581,669713,Hayden Wesneski,HOU,6,6,32.0,1,0,0,29,16,6,1,29
16300,622786,Jesus Tinoco,MIA,20,0,19.1,2,4,4,17,11,8,0,10
25589,671111,Sammy Peralta,LAA,5,0,10.2,0,0,0,14,9,6,0,8
14739,621112,Paul Blackburn,- - -,15,4,39.0,0,1,0,47,27,12,1,34
21546,663795,Justin Hagenman,NYM,9,1,23.2,0,1,0,24,12,2,1,23
27775,693312,Kyle Nicolas,PIT,31,0,38.0,1,0,3,34,20,18,2,34
19444,670990,Yohan Ramírez,PIT,24,0,33.1,3,0,1,33,20,16,4,45
13449,573124,Taylor Rogers,- - -,57,0,50.2,3,0,10,47,19,23,3,53
31741,686930,Mason Barnett,ATH,5,5,22.1,1,0,0,26,17,11,1,18
17192,656222,Jalen Beeks,ARI,61,2,57.1,5,1,14,42,24,20,2,47
23394,676571,PJ Poulin,WSN,28,0,24.2,2,1,5,23,10,13,2,27
29928,689266,Dylan Dodd,ATL,28,0,35.0,1,0,2,28,14,5,1,30
23165,674444,Steven Cruz,KCR,47,0,45.2,3,0,9,36,19,18,1,38
22387,670174,Josh Winckowski,BOS,6,0,11.2,0,0,0,11,5,5,1,9
33628,815083,Mitch Farris,LAA,5,5,24.1,1,0,0,24,18,11,1,24
20629,663969,Tyler Phillips,MIA,54,1,77.2,2,4,8,65,24,24,2,52
12763,606965,Chris Devenski,NYM,13,1,16.2,0,0,2,10,4,5,2,14
22713,672578,Carlos Hernández,- - -,41,0,43.1,1,0,1,50,30,22,2,39
31807,675512,Troy Melton,DET,16,4,45.2,3,0,2,31,14,15,1,36
21101,664294,Dauri Moreta,PIT,18,0,16.2,1,0,2,16,6,7,0,19
33174,682995,Hunter Barco,PIT,2,0,3.0,1,0,0,3,0,0,0,3
30094,696136,Jordan Wicks,CHC,8,0,14.1,0,1,0,24,10,1,0,13
20038,670766,Darren McCaughan,MIN,3,0,5.1,0,0,1,5,1,1,0,6
23617,677020,Josh Walker,TOR,3,0,5.0,0,0,0,8,4,2,1,8
19222,669199,Lake Bachar,MIA,53,1,71.0,8,3,5,55,31,30,3,75
31764,805123,AJ Blubaugh,HOU,11,3,32.0,3,0,0,17,6,11,0,35
20045,674944,Sean Guenther,DET,9,1,10.1,0,0,2,10,6,5,0,8
25501,687606,Paxton Schultz,TOR,13,2,24.2,0,0,0,27,12,8,1,28
22630,672456,Keider Montero,DET,20,12,90.2,5,0,0,95,44,31,2,72
24581,680689,Lyon Richardson,CIN,34,0,37.2,0,0,3,37,19,21,2,30
31900,800049,Adam Mazur,MIA,6,6,30.0,0,0,0,33,16,12,1,19
22872,672782,Yoendrys Gómez,- - -,21,9,62.2,3,1,0,60,36,27,4,58
15369,643361,Kevin Herget,- - -,7,0,13.0,0,0,0,12,4,5,0,6
12095,554340,Yimi García,TOR,22,0,21.0,1,3,6,13,9,12,1,25
17871,664139,Ian Gibaut,CIN,25,0,25.1,0,0,3,26,13,8,0,15
30179,701487,Pierson Ohl,MIN,14,3,30.0,0,0,1,38,17,7,0,27
27702,687396,Brent Headrick,NYY,17,0,23.0,0,0,1,17,8,7,1,30
17732,622503,Nabil Crismatt,ARI,8,5,34.0,3,0,0,40,14,9,1,25
14993,605130,Scott Barlow,CIN,75,1,68.1,6,1,16,50,32,45,6,75
25703,687849,Zak Kent,CLE,12,0,17.2,1,0,0,17,9,8,1,16
12880,542881,Tyler Anderson,LAA,26,26,136.1,2,0,0,135,69,57,3,104
13594,596112,Robert Stephenson,LAA,12,0,10.0,2,0,0,7,3,3,1,10
21662,665660,Elvis Alvarado,ATH,37,0,42.1,1,0,4,34,15,22,2,50
15463,592254,José De León,BOS,1,1,6.2,1,0,0,8,3,3,0,8
19205,669947,Jesse Scholtens,TBR,2,0,8.1,0,0,0,9,5,3,0,12
29107,699134,Bradgley Rodriguez,SDP,7,0,7.2,1,0,0,4,1,3,3,9
33482,801403,Chase Dollander,COL,21,21,98.0,2,0,0,103,71,49,6,82
33838,684320,Yariel Rodríguez,TOR,66,1,73.0,3,2,14,50,25,34,6,66
22176,668834,Easton McGee,MIL,9,0,14.2,0,0,0,15,9,5,0,13
19309,670950,Trevor Richards,- - -,5,0,5.2,0,0,0,11,5,2,0,5
16502,642232,Ryan Yarbrough,NYY,19,8,64.0,3,1,0,58,31,19,2,55
26304,663773,Bryan Hoeing,SDP,7,0,8.0,1,0,0,9,3,3,0,5
21131,664744,Jose Espada,BAL,1,0,3.0,0,0,0,1,0,0,0,4
24986,681882,Colin Selby,BAL,11,0,14.0,0,0,0,16,5,2,0,14
24453,679885,Justin Martinez,ARI,17,0,15.1,1,5,4,7,7,12,3,22
23735,677651,Luis Garcia,HOU,2,2,7.2,1,0,0,3,3,1,1,7
23055,673380,Dedniel Núñez,NYM,10,0,9.2,0,0,3,6,5,6,0,11
27668,685126,Brandon Eisert,CHW,72,3,69.2,3,2,8,75,34,25,5,74
12760,606160,Rafael Montero,- - -,59,0,60.1,1,0,8,42,30,37,0,58
13942,608718,Brent Suter,CIN,48,3,67.2,1,0,0,69,34,18,2,53
16074,595897,Nick Burdi,BOS,4,0,5.1,0,0,0,5,0,2,0,5
30074,681217,Chase Silseth,LAA,10,0,11.0,0,0,1,10,2,6,1,13
13431,573186,Marcus Stroman,NYY,9,9,39.0,3,0,0,44,27,16,2,26
26252,669062,Erik Miller,SFG,36,0,30.0,4,0,10,24,5,20,3,22
25582,669620,Brady Basso,ATH,11,1,11.2,1,0,2,12,3,9,0,8
30203,695549,Jackson Jobe,DET,10,10,49.0,4,0,0,46,23,27,2,39
15947,592773,Ryne Stanek,NYM,65,0,56.0,4,3,11,56,33,32,0,58
24937,681810,Austin Warren,NYM,5,0,9.1,1,0,0,5,1,4,0,9
33821,691769,Philip Abner,ARI,5,0,3.2,0,0,0,5,2,3,0,5
29564,687287,Patrick Monteverde,MIA,1,0,3.2,0,0,0,9,4,1,0,4
21212,641585,J.P. France,HOU,2,0,4.0,1,0,0,2,1,2,0,5
17536,621114,Ryan Burr,TOR,2,0,2.0,1,0,0,1,0,1,0,3
25911,666974,Yennier Cano,BAL,65,0,58.0,3,2,17,62,33,24,3,53
27756,690953,Mick Abel,- - -,10,8,39.0,3,0,0,43,27,16,1,39
14706,607455,Anthony Banda,LAD,71,1,65.0,5,0,11,45,23,34,2,61
35321,608372,Tomoyuki Sugano,BAL,30,30,157.0,10,0,0,173,81,36,8,106
23499,676775,Keaton Winn,SFG,7,0,10.0,0,0,0,12,5,2,0,9
19315,640454,Matt Krook,ATH,3,0,3.1,0,0,0,5,2,1,0,3
10058,554431,Tyler Matzek,NYY,7,0,6.1,0,0,0,11,3,5,0,7
23443,676680,Tom Cosgrove,CHC,2,0,4.0,0,0,0,3,1,1,0,3
16094,605507,Zach Thompson,ATL,2,0,3.2,0,0,0,0,0,1,0,3
19320,664192,Joey Lucchesi,SFG,38,0,38.1,0,0,6,35,16,12,2,31
17610,663432,Tanner Rainey,- - -,13,0,9.2,0,0,2,8,12,9,1,11
27974,691441,Cristian Mena,ARI,3,0,6.2,1,0,0,3,1,3,0,8
17312,657006,Justin Steele,CHC,4,4,22.2,3,0,0,21,12,5,1,21
7836,519326,Hunter Strickland,LAA,19,0,22.0,1,1,2,17,8,10,0,14
20517,680704,Nick Sandlin,TOR,19,0,16.1,0,1,5,11,4,8,2,16
31312,676467,Colton Gordon,HOU,20,14,86.0,6,1,0,103,51,19,2,72
23733,677649,Ezequiel Duran,TEX,4,0,3.1,0,0,0,1,0,0,0,0
19261,641656,Ian Hamilton,NYY,36,1,40.0,2,0,4,28,19,22,1,42
20422,663558,Jovani Morán,BOS,2,0,4.0,0,0,0,5,3,3,0,5
15042,641835,Tim Mayza,- - -,15,0,16.2,0,0,0,17,7,5,2,15
27908,668716,Noah Murdock,ATH,14,0,17.0,1,0,1,26,25,20,2,21
30016,697812,Joe Rock,TBR,3,0,7.2,0,0,0,7,2,2,2,11
23875,678316,Omar Cruz,SDP,2,0,3.2,0,0,0,4,2,3,0,5
16929,657053,Touki Toussaint,LAA,1,0,2.0,0,0,0,4,2,1,0,3
24710,681168,Luis Curvelo,TEX,17,0,19.0,1,0,2,17,12,10,0,20
19358,642215,Weston Wilson,PHI,2,0,3.0,0,0,0,3,0,0,0,0
25844,669722,Logan Davidson,LAA,1,0,1.0,0,0,0,0,0,0,0,1
17282,656629,Michael Kopech,LAD,14,0,11.0,0,0,6,6,3,13,0,12
11121,596271,Casey Lawrence,- - -,6,0,17.2,1,0,0,26,8,1,1,7
13892,623149,Paul Sewald,- - -,22,0,19.2,1,2,4,18,10,6,0,20
23265,675989,Cody Bolton,CLE,1,0,2.0,0,0,0,4,3,0,0,1
26152,669193,Jack Little,LAD,2,0,3.0,0,0,0,4,2,1,1,2
29837,682243,Bryce Miller,SEA,18,18,90.1,4,0,0,93,57,34,3,74
20333,675919,Nick Raquet,STL,2,0,2.0,0,0,0,0,0,1,0,1
19835,642520,Gerson Garabito,TEX,3,0,8.0,0,0,1,15,8,1,2,8
13723,607732,Jacob Stallings,COL,1,0,2.0,0,0,0,2,1,0,0,1
18384,664123,Scott Effross,NYY,11,0,10.2,0,0,0,16,10,3,0,6
16725,624431,Jose Trevino,CIN,2,0,2.1,0,0,0,4,1,1,0,1
17040,645444,Jose Herrera,ARI,2,0,2.0,0,0,0,4,1,0,0,0
19754,665665,Reiver Sanmartin,CIN,1,0,1.2,0,0,0,2,0,1,0,2
30206,801216,Christian Montes De Oca,ARI,1,0,2.2,0,0,0,0,0,1,0,2
20298,646242,Jhonathan Díaz,SEA,1,0,1.1,0,0,0,1,0,0,0,1
27653,683766,Christian Koss,SFG,4,0,4.0,0,0,0,4,0,0,0,0
21951,666711,Joel Peguero,SFG,17,0,22.1,3,0,4,15,6,8,0,17
25474,686249,Nathan Wiles,ATL,1,0,1.0,0,0,0,4,3,0,0,1
19695,657756,Connor Seabold,- - -,7,0,10.1,0,0,0,12,5,6,0,10
18551,645305,Ali Sánchez,TOR,1,0,1.0,0,0,0,3,2,0,0,1
25353,683021,Michael Stefanic,TOR,1,0,1.0,0,0,0,0,0,0,0,0
23779,677865,Justin Bruihl,TOR,15,0,13.2,0,0,4,19,8,7,1,18
29542,701552,Andre Granillo,STL,14,0,21.0,1,1,0,22,11,7,1,18
29782,694359,Niko Kavadas,LAA,1,0,1.2,0,0,0,3,0,1,0,1
19200,650671,José Quijada,LAA,2,0,1.1,0,0,1,1,0,2,0,3
21189,621139,Brooks Kriske,- - -,16,0,18.0,0,0,0,20,15,15,0,18
16512,643396,Isiah Kiner-Falefa,TOR,1,0,0.2,0,0,0,0,0,0,0,0
23324,676206,Freddy Tarnok,MIA,5,0,7.1,1,1,0,1,2,4,1,10
16350,621366,Ryan Borucki,- - -,39,0,35.0,1,0,7,29,18,16,1,32
23381,676510,Nolan Hoffman,PHI,1,0,1.0,0,0,0,3,3,1,0,2
24641,680862,Willie MacIver,ATH,2,0,2.0,0,0,0,4,0,0,0,0
27582,669721,Davis Daniel,ATL,3,2,10.0,0,0,0,9,6,7,1,9
24622,680837,Ryan Fitzgerald,MIN,2,0,2.0,0,0,0,2,0,0,0,0
12976,595978,Austin Hedges,CLE,3,0,3.0,0,0,0,6,2,1,0,1
16128,595928,John Curtiss,ARI,30,0,36.2,3,1,3,29,16,5,0,24
30002,680880,Grant Holman,ATH,22,2,23.0,4,0,3,26,13,9,1,17
19931,663897,Luke Williams,ATL,6,0,6.0,0,0,0,6,2,1,0,4
27695,687003,Brian Van Belle,TBR,4,0,8.1,1,0,0,13,5,0,0,6
23442,676679,Luis Vázquez,BAL,4,0,4.1,0,0,0,3,0,1,0,0
31598,669449,Jake Palisch,CHW,1,0,1.0,0,0,0,3,2,0,0,0
20056,676701,Alan Trejo,COL,1,0,1.0,0,0,0,1,0,0,0,0
23296,676070,Jacob Amaya,CHW,1,0,1.0,0,0,0,0,0,0,0,0
30142,680951,Doug Nikhazy,CLE,2,1,4.0,0,0,0,5,6,6,0,5
25055,681987,Nate Eaton,BOS,1,0,1.0,0,0,0,2,0,0,0,0
17338,650489,Willi Castro,MIN,1,0,1.0,0,0,0,1,0,0,0,0
23802,678011,Anthony Seigler,MIL,1,0,1.0,0,0,0,1,0,0,0,0
12323,606930,Jacob Barnes,TOR,6,0,8.0,0,0,0,10,8,3,0,5
19262,641658,Garrett Hampson,STL,1,0,1.0,0,0,0,0,0,0,0,0
30161,692230,Carlos Rodriguez,MIL,4,0,9.2,1,0,0,13,7,9,0,11
19784,621057,Justin Garza,NYM,5,0,6.2,0,0,0,8,4,1,0,3
19452,668670,Jake Rogers,DET,4,0,3.2,0,0,0,5,1,0,1,0
13755,621512,Tomás Nido,DET,1,0,1.2,0,0,0,0,0,0,1,0
16153,596103,Austin Slater,NYY,1,0,0.2,0,0,0,1,0,0,0,0
26136,687166,Austin Pope,ARI,1,0,2.0,0,0,0,2,0,1,0,1
19392,656716,Zach McKinstry,DET,1,0,0.1,0,0,0,0,0,0,0,0
27662,685005,Christian Roa,MIA,2,0,3.0,0,0,0,1,0,3,0,3
19883,656638,Alex Lange,DET,1,0,1.0,0,0,0,2,0,1,0,1
20638,622379,Luis F. Castillo,SEA,2,2,7.0,0,0,0,12,6,7,0,5
6655,518886,Craig Kimbrel,- - -,14,0,12.0,0,0,2,10,3,7,0,17
21587,663967,César Salazar,HOU,1,0,1.0,0,0,0,0,0,0,1,0
24591,680702,Joey Gerber,TBR,2,0,4.1,0,0,0,3,1,0,0,4
18311,608334,Carson Fulmer,LAA,13,0,29.1,0,0,0,25,19,11,0,26
27685,686730,Carson Spiers,CIN,3,2,13.1,0,0,0,13,9,7,1,11
19343,640462,A.J. Puk,ARI,8,0,8.0,0,4,2,8,3,2,1,12
15043,642152,Lou Trivino,- - -,47,2,47.2,3,0,5,46,21,18,6,37
25543,686676,Korey Lee,CHW,2,0,3.0,0,0,0,4,1,2,0,0
19524,660604,Alan Rangel,PHI,5,0,11.0,0,1,0,10,3,6,0,8
30145,681916,Dylan Smith,DET,7,0,13.0,1,0,0,6,2,5,3,4
10200,571466,Tucker Barnhart,TEX,1,0,2.0,0,0,0,5,3,0,1,0
18674,663765,Jake Woodford,ARI,22,0,36.1,0,3,2,45,26,13,3,23
18413,664353,José Urquidy,DET,2,0,2.1,0,0,1,4,2,3,0,3
21652,665625,Elvis Peguero,- - -,8,1,9.1,0,0,1,12,7,6,1,8
25215,682274,Yaramil Hiraldo,BAL,18,0,19.2,0,0,2,17,10,9,0,21
18769,547001,Cody Poteet,BAL,1,0,2.2,0,0,0,6,5,2,0,1
22273,669391,Owen White,CHW,3,0,7.0,0,0,0,14,7,3,0,6
15194,641343,Jake Bauers,MIL,5,0,5.0,0,0,0,8,2,3,2,1
13528,621199,Matt Bowman,BAL,20,0,24.2,0,0,0,31,17,6,2,18
31501,690382,Michael Darrell-Hicks,- - -,7,0,9.2,1,0,0,10,8,4,1,8
19844,647351,Abraham Toro,BOS,1,0,1.0,0,0,0,4,2,1,0,0
13355,571912,Luke Maile,KCR,1,0,1.0,0,0,0,0,0,1,0,0
15730,642180,Tyler Wade,SDP,1,0,1.0,0,0,0,2,1,1,0,0
27615,676475,Alec Burleson,STL,1,0,1.0,0,0,0,1,0,0,1,0
31184,692285,Luis Guerrero,BOS,13,0,17.1,0,0,0,9,8,14,0,10
21009,660844,Leo Rivas,SEA,1,0,1.0,0,0,0,3,0,1,0,0
18337,623433,Nick Anderson,COL,12,0,14.2,0,0,0,17,10,2,0,10
9174,543391,Casey Kelly,ARI,2,0,1.2,0,0,0,1,0,1,0,0
19339,670032,Nicky Lopez,LAA,1,0,0.1,0,0,0,0,0,1,0,0
20404,676724,Jared Young,NYM,1,0,0.1,0,0,0,1,0,1,0,0
31635,806185,Hayden Birdsong,SFG,21,10,65.2,4,0,3,61,35,37,5,68
13190,607179,Jordan Weems,HOU,4,0,4.1,0,0,0,9,7,3,0,0
30153,687589,Dom Hamel,NYM,1,0,1.0,0,0,0,3,0,0,1,0
13218,605242,Michael Fulmer,- - -,3,0,5.2,0,0,0,6,3,2,0,3
20116,676534,Calvin Faucher,MIA,65,0,60.1,4,15,7,53,22,24,3,59
14309,593423,Frankie Montas,NYM,9,7,38.2,3,0,0,48,27,14,1,32
25551,663462,Isaiah Campbell,BOS,6,0,7.2,0,0,0,13,6,1,1,3
15094,642239,Rob Zastryzny,MIL,26,1,22.0,2,0,2,16,6,10,1,20
26020,686751,Seth Johnson,PHI,10,0,12.2,1,0,0,11,6,4,0,17
29530,686642,Fraser Ellard,CHW,18,3,17.0,1,0,2,8,8,19,1,22
33980,702752,Jonathan Pintaro,NYM,1,0,0.2,0,0,0,2,2,2,0,1
16814,657612,Tim Hill,NYY,70,0,67.0,4,0,15,58,23,16,0,37
25804,691094,Randy Wynne,CIN,1,0,3.0,0,1,0,3,1,1,0,3
26353,687847,Marc Church,TEX,5,0,4.2,0,0,1,4,2,6,0,5
13607,605218,Carl Edwards Jr.,- - -,4,0,6.0,0,0,0,4,3,3,0,6
17586,656945,Tanner Scott,LAD,61,0,57.0,1,23,8,54,30,18,4,60
27508,685068,Carson Ragsdale,BAL,2,0,5.0,0,0,0,10,8,1,0,4
27753,690544,Bailey Horn,DET,10,0,11.1,0,0,0,11,2,7,0,10
26030,687074,Tyler Owens,DET,3,0,3.0,0,0,0,3,1,3,0,1
21584,663941,Tristan Beck,SFG,31,1,56.2,1,2,3,47,29,16,2,41
31913,802686,Hayden Harris,ATL,3,0,2.2,0,0,0,3,1,2,0,0
21922,666659,Sauryn Lao,- - -,8,0,11.0,1,0,0,14,6,2,1,9
17276,656577,Alex Jackson,BAL,1,0,1.0,0,0,0,3,3,2,0,0
27477,686826,Bryce Jarvis,ARI,12,0,22.0,0,1,1,23,14,10,1,21
13768,608671,Travis Jankowski,NYM,1,0,1.0,0,0,0,2,2,1,1,0
1247,493603,Adam Ottavino,NYY,3,0,1.2,0,0,0,0,0,4,0,3
14854,573262,Mike Yastrzemski,SFG,1,0,1.0,0,0,0,2,2,1,1,0
20017,670156,Miles Mastrobuoni,SEA,1,0,1.0,0,0,0,1,0,2,0,0
20827,656848,Michael Petersen,- - -,15,0,18.0,0,0,2,18,8,7,0,17
3548,521230,Liam Hendriks,BOS,14,0,13.2,0,0,0,12,10,7,1,12
29271,700270,Yilber Díaz,ARI,1,0,3.0,0,0,0,4,3,3,0,1
25427,668970,Gavin Hollowell,CHC,7,0,9.1,0,0,0,9,5,7,0,10
17759,622780,Angel Perdomo,ATH,4,0,3.1,0,0,0,2,2,3,1,2
23592,676969,Brett de Geus,PHI,1,0,2.0,0,0,0,1,1,3,0,0
25651,686654,Ty Adcock,NYM,3,0,3.0,0,0,0,2,1,2,0,5
27470,676106,Emerson Hancock,SEA,22,16,90.0,4,0,0,93,49,31,5,64
19599,676801,Chas McCormick,HOU,3,0,3.0,0,0,0,3,2,2,2,1
12037,542932,Jon Berti,CHC,4,0,3.2,0,0,0,4,3,4,0,0
21290,656458,Lucas Gilbreath,COL,1,0,1.0,0,0,0,1,1,0,0,2
27583,670183,Garrett Acton,TBR,1,0,1.0,0,0,0,0,0,2,0,0
25040,681962,Vinny Capra,CHW,3,0,3.0,0,0,0,5,2,0,0,1
27765,691172,Yosver Zulueta,CIN,7,0,7.1,1,0,0,5,5,4,0,5
26058,687922,Easton Lucas,TOR,6,5,24.1,3,0,0,25,18,12,0,23
29615,679775,Kyle Backhus,ARI,32,0,25.1,0,2,10,28,13,8,3,22
28036,681432,Luke Little,CHC,2,0,2.2,0,0,0,1,1,6,0,4
24458,679922,Carlos Duran,ATH,1,0,0.1,0,0,0,1,3,3,0,0
16631,656257,Jeff Brigham,ARI,4,0,3.1,0,0,0,7,3,1,0,3
27707,687765,Mitch Spence,ATH,32,8,84.2,3,1,4,96,48,26,4,66
27812,699911,Dugan Darnell,COL,9,0,11.2,1,0,0,10,5,7,0,5
24975,681867,Cooper Criswell,BOS,7,1,17.2,1,1,0,23,7,5,0,9
27481,677961,Cole Wilcox,TBR,1,0,1.0,0,0,0,4,3,3,0,1
26171,687362,Connor Gillispie,MIA,6,6,26.0,0,0,0,32,25,11,1,23
33699,688138,Logan Evans,SEA,16,15,81.1,6,0,0,82,39,31,4,59
12572,595014,Blake Treinen,LAD,32,0,26.2,2,2,10,30,16,19,2,36
19802,640902,Jhonny Pereda,ATH,3,0,3.0,0,0,0,9,7,2,0,3
21229,642016,Daniel Robert,PHI,15,0,13.0,0,0,2,11,6,10,0,15
3237,519008,T.J. McFarland,ATH,27,0,15.2,0,0,7,26,12,3,1,7
26255,673965,Caleb Freeman,CHW,5,0,3.1,0,0,0,5,2,1,0,3
29812,688107,Robert Gasser,MIL,2,2,5.2,0,0,0,5,2,4,2,5
13761,608717,Chris Stratton,- - -,15,0,21.0,0,0,0,32,18,10,0,22
14813,571657,Kyle Farmer,COL,1,0,1.0,0,0,0,3,1,0,0,0
25434,669717,Will Wilson,CLE,1,0,2.0,0,0,0,2,2,0,0,0
16357,622569,Pablo Reyes,NYY,1,0,1.0,0,0,0,5,3,0,0,0
25839,664351,Luis Contreras,HOU,9,0,12.0,0,0,1,11,9,8,0,13
23798,677976,Randy Dobnak,MIN,1,0,5.1,0,0,0,2,1,2,0,1
20626,682515,Logan Porter,SFG,1,0,1.0,0,0,0,2,1,0,0,0
33834,689958,Andrew Walters,CLE,2,0,1.1,0,0,0,2,2,0,0,2
35323,808963,Roki Sasaki,LAD,10,8,36.1,1,0,2,30,18,22,3,28
21544,663767,Chase Shugart,PIT,35,0,45.0,4,0,5,33,17,17,1,31
27819,687064,Brandon Young,BAL,12,12,57.2,1,0,0,67,40,22,0,47
22810,672710,Roansy Contreras,- - -,5,0,12.2,0,0,0,12,8,2,1,6
25807,669707,Jared Triolo,PIT,1,0,1.0,0,0,0,3,0,1,0,0
18347,663399,Brandon Waddell,NYM,11,1,31.1,0,0,1,29,12,11,1,22
30171,696131,Mason Black,SFG,1,0,4.0,0,0,0,5,3,0,0,5
25595,675540,Xzavion Curry,MIA,3,0,3.0,0,0,0,4,2,3,0,1
15679,642133,Rowdy Tellez,TEX,1,0,2.0,0,0,0,5,3,0,1,0
22823,672724,Oswald Peraza,LAA,2,0,2.1,0,0,0,9,8,0,1,0
16207,605513,Spencer Turnbull,TOR,3,1,6.1,1,0,0,12,5,4,0,4
24914,681751,Lazaro Estrada,TOR,2,0,7.1,0,0,0,10,7,1,2,10
17169,620454,José Castillo,- - -,29,0,32.0,2,0,3,40,14,14,4,30
11589,570632,José Ureña,- - -,19,6,55.0,0,1,0,57,28,23,3,34
16400,625643,Reynaldo López,ATL,1,1,5.0,0,0,0,9,3,2,0,1
19458,669450,Cooper Hummel,HOU,1,0,1.0,0,0,0,5,4,0,1,0
15674,624512,Reese McGuire,CHC,1,0,1.0,0,0,0,2,1,1,0,0
20536,660644,Vidal Bruján,ATL,2,0,2.0,0,0,0,4,3,1,0,0
14332,606303,Joel Payamps,- - -,30,0,26.1,0,1,4,31,20,9,2,24
23091,673820,Robinson Piña,- - -,2,0,2.1,0,0,0,5,2,1,0,1
23455,676702,Hunter Stratton,- - -,15,0,19.0,1,1,3,23,11,7,3,16
31884,701121,Logan VanWey,HOU,9,0,10.2,0,0,0,15,6,3,1,7
13897,623168,Tyler Heineman,TOR,3,0,3.1,0,0,0,15,12,0,2,0
27590,671109,Jake Eder,LAA,8,0,18.1,0,0,0,15,10,9,1,15
23223,675650,Michael Mercado,PHI,3,0,3.0,0,0,0,7,5,4,0,4
24703,681146,Jonah Bride,MIN,4,0,6.0,0,0,0,14,10,3,2,2
20198,641386,Ben Bowden,ATH,11,0,10.2,0,0,0,9,5,5,0,7
15518,642708,Amed Rosario,WSN,1,0,1.0,0,0,0,5,4,2,0,0
15488,622608,Antonio Senzatela,COL,30,23,130.0,4,0,0,192,96,47,8,73
11442,596142,Gary Sánchez,BAL,1,0,1.0,0,0,0,2,4,1,1,0
19890,656896,Emmanuel Rivera,BAL,1,0,1.0,0,0,0,8,8,2,0,0
17796,622253,Dillon Tate,TOR,6,0,6.1,0,0,0,8,3,6,1,8
14874,594580,Sam Moll,CIN,23,0,18.1,1,0,2,16,13,10,0,22
29574,695445,Chase Lee,DET,32,0,37.1,4,0,4,32,17,9,2,36
9073,489446,Kirby Yates,LAD,50,0,41.1,4,3,15,38,24,17,1,52
17696,621028,Kevin Newman,LAA,2,0,4.0,0,0,0,4,3,0,0,0
29921,681293,Spencer Arrighetti,HOU,7,7,35.1,1,0,0,30,21,20,3,31
26117,680604,Blas Castaño,SEA,1,0,3.0,0,0,0,4,3,2,1,1
19409,641540,Dane Dunning,- - -,12,0,20.2,0,2,0,24,16,7,3,21
16703,657240,Julian Merryweather,CHC,21,0,18.2,0,0,7,23,12,11,0,15
17888,642048,Tayler Saucedo,SEA,10,0,13.1,0,0,0,19,11,6,1,12
18498,628317,Kenta Maeda,DET,7,0,8.0,0,0,0,9,7,6,3,8
24590,680701,John Rooney,HOU,1,0,1.1,0,0,0,1,1,1,0,2
31610,687209,Zach Maxwell,CIN,8,0,10.0,0,0,0,10,5,4,0,13
10315,543859,Michael Tonkin,MIN,21,0,24.0,2,0,2,20,13,8,5,19
19924,663542,Bryan Hudson,- - -,16,0,15.0,0,0,2,15,8,13,2,19
17273,622761,Jorge Mateo,BAL,1,0,1.0,0,0,0,5,5,2,1,0
18341,642759,Julian Fernández,- - -,4,0,5.0,1,0,1,3,3,2,0,5
25921,668984,Casey Legumina,SEA,48,1,49.2,4,0,3,47,31,25,2,55
15941,543592,Austin Nola,COL,1,0,1.0,0,0,0,8,8,0,0,0
17975,664068,Scott Kingery,LAA,1,0,2.0,0,0,0,12,8,0,0,1
25158,682144,Jayvien Sandridge,NYY,1,0,0.2,0,0,0,1,2,2,1,2
23811,678215,Luarbert Arias,MIA,7,0,10.1,0,0,0,17,13,5,2,10
6576,476594,Robert Stock,BOS,2,0,2.2,0,0,0,4,3,4,0,1
12808,605182,Mike Clevinger,CHW,8,0,5.2,0,0,2,5,5,8,0,3
31261,688297,Chris Roycroft,STL,20,0,20.2,1,0,2,26,18,12,1,15
27483,676272,Bobby Miller,LAD,2,1,5.0,0,0,0,11,7,2,1,7
10314,541640,Erasmo Ramírez,MIN,9,0,11.0,0,1,0,10,3,2,0,5
21850,666168,Mason Thompson,WSN,14,0,10.2,1,0,0,16,14,12,0,11
32026,805427,Drew Sommers,DET,4,0,3.0,0,0,0,7,6,3,1,3
8241,502085,David Robertson,PHI,20,0,17.2,2,2,10,18,8,8,0,22
20572,665019,Kody Clemens,MIN,1,0,1.0,0,0,0,3,2,0,0,0
22284,669422,Matt Sauer,LAD,10,1,29.2,2,1,0,35,21,8,2,24
21238,642216,Allan Winans,NYY,3,1,9.1,0,0,0,13,9,3,2,6
21481,663546,Sean Hjelle,SFG,12,1,15.0,1,0,0,21,13,9,0,11
18000,663474,Triston McKenzie,CLE,4,0,5.2,0,0,0,7,7,7,0,4
27487,689017,Landon Knack,LAD,10,7,42.1,3,1,0,40,23,19,2,42
27967,691251,Andry Lara,WSN,9,0,14.1,0,0,0,27,14,8,1,10
23401,676609,José Caballero,TBR,1,0,1.0,0,0,0,5,6,1,0,0
25174,682171,Penn Murfee,CHW,15,0,12.2,0,0,2,19,11,5,1,13
8779,489119,Wade Miley,CIN,3,2,12.0,1,0,0,15,9,6,1,7
26260,686753,Drey Jameson,ARI,3,0,3.0,0,1,0,4,1,3,0,0
15684,612434,Miguel Castro,CHW,6,0,6.0,0,0,1,5,5,5,1,4
12056,543518,Scott McGough,- - -,13,0,16.0,0,0,0,18,12,7,1,16
11804,593576,Héctor Neris,- - -,35,0,26.2,3,0,7,29,20,16,1,35
19388,664062,Tony Gonsolin,LAD,7,7,36.0,3,0,0,33,20,18,3,38
19951,666120,Ian Anderson,LAA,7,0,9.1,0,0,1,17,12,7,0,8
10472,571771,Enrique Hernández,LAD,5,0,5.1,0,0,0,11,9,8,0,1
24977,681869,Shawn Dubin,- - -,30,0,33.2,2,0,8,37,19,11,2,28
15905,620443,Luis Torrens,NYM,2,0,0.2,0,0,0,5,4,1,0,0
25550,663362,Matt Waldron,SDP,1,1,4.2,0,0,0,6,4,6,0,3
12972,605452,Joe Ross,PHI,37,1,51.0,2,0,0,57,29,18,3,39
21045,661527,Seth Martinez,MIA,6,0,6.2,0,0,0,4,4,3,0,4
35325,696270,Ryan Johnson,LAA,14,0,14.2,1,1,1,24,12,5,0,16
33248,684974,Craig Yoho,MIL,8,0,8.2,0,0,0,8,7,9,1,7
31461,690829,Ben Joyce,LAA,5,0,4.1,1,0,2,5,3,1,0,1
20370,669145,Bruce Zimmermann,MIL,1,1,6.0,0,0,0,7,5,2,0,1
19558,664129,Geoff Hartlieb,- - -,4,0,3.1,0,0,0,8,8,6,0,5
12791,547184,Michael Kelly,ATH,42,0,39.2,4,2,7,32,14,19,1,29
26231,663947,Tyler Holton,DET,70,6,78.2,6,0,17,65,32,17,0,64
6632,471911,Carlos Carrasco,- - -,11,9,45.2,2,0,0,61,36,17,0,34
20515,669459,Kyle Nelson,ARI,3,0,2.0,0,1,0,1,2,4,0,2
19646,606996,Kyle Hart,SDP,20,6,43.0,3,0,2,38,28,13,2,37
19586,666215,Forrest Whitley,- - -,10,0,12.0,0,0,0,19,18,8,1,12
11752,592426,Luke Jackson,- - -,52,0,51.0,2,9,4,41,23,28,3,38
26285,674072,Tommy Henry,ARI,2,0,6.2,0,0,0,6,3,1,1,8
21537,663738,Daniel Lynch IV,KCR,57,2,67.2,6,1,7,66,23,26,6,45
22461,670810,Logan Gillaspie,SDP,3,0,7.0,0,0,0,7,2,4,1,4
20379,676604,Tyler Zuber,- - -,10,0,12.0,0,0,1,17,15,6,0,14
19281,663321,Nick Hernandez,HOU,10,0,10.2,0,0,0,12,6,8,0,11
31883,700187,Troy Taylor,SEA,8,0,6.2,0,0,0,14,9,3,1,2
23479,676742,Cam Sanders,PIT,6,0,6.2,0,0,0,9,6,5,0,4
17425,607200,Erick Fedde,- - -,32,24,141.0,4,0,1,147,86,67,3,83
25620,682825,Luis Mey,CIN,23,0,21.0,2,0,4,17,8,17,1,21
20160,663878,Nate Pearson,CHC,11,0,14.2,0,0,1,22,15,10,1,7
23899,678368,Valente Bellozo,MIA,32,6,81.1,1,0,1,85,42,23,4,54
14552,614179,José Ruiz,- - -,18,0,16.1,1,0,3,23,16,9,0,15
23293,676051,Codi Heuer,- - -,3,0,4.2,0,0,0,4,3,2,0,5
14120,621121,Lance McCullers Jr.,HOU,16,13,55.1,2,0,0,61,40,39,7,61
19403,621363,Colin Poche,- - -,14,0,9.1,1,0,0,12,13,14,0,11
27453,685107,Anthony Veneziano,- - -,26,1,25.0,0,0,4,28,13,11,2,25
23162,674384,Eduarniel Núñez,- - -,10,0,12.2,1,0,0,13,10,11,3,11
35466,801139,Payton Tolle,BOS,7,3,16.1,0,0,0,18,11,8,0,19
18152,664948,Anthony Misiewicz,MIN,5,0,4.2,0,0,1,5,5,4,0,5
27407,691548,Rolddy Muñoz,ATL,3,0,3.2,0,0,0,4,5,5,2,5
26034,687424,Anthony Maldonado,ATH,6,0,6.0,0,0,0,10,8,5,0,7
26214,669684,Chris Murphy,BOS,23,0,34.2,3,0,1,21,12,20,5,30
23426,676661,Max Lazar,PHI,36,0,41.1,1,1,1,41,22,12,0,26
16507,656186,Dan Altavilla,CHW,28,0,29.0,0,2,2,19,8,15,4,21
4806,448179,Rich Hill,KCR,2,2,9.0,0,0,0,9,5,8,0,4
31571,801434,Paul Gervase,- - -,6,0,8.1,0,0,0,8,4,6,0,8
7802,500743,Miguel Rojas,LAD,4,0,5.0,0,0,0,11,7,2,1,0
16610,656420,J.P. Feyereisen,- - -,4,0,4.0,0,0,0,11,5,1,0,4
15855,593833,Wander Suero,ATL,5,0,6.1,0,0,0,10,8,4,0,7
19884,656686,Corbin Martin,BAL,17,0,18.0,1,2,1,22,12,9,2,23
27984,692030,Jose Corniell,TEX,1,0,1.2,0,0,0,3,3,1,0,1
26259,685801,Hunter Bigge,TBR,13,0,15.0,0,0,1,11,4,5,1,12
19614,672335,Cionel Pérez,BAL,19,0,21.2,0,0,0,28,20,18,2,21
21894,666619,Gregory Santos,SEA,8,0,7.0,1,0,1,8,4,8,0,0
13287,534910,Jesse Hahn,SEA,3,0,5.0,0,0,0,6,3,5,1,3
25873,671162,Connor Thomas,MIL,2,0,5.1,0,0,0,12,12,2,1,5
15514,608665,Kendall Graveman,ARI,19,0,17.2,1,0,1,23,14,12,1,9
24930,681799,Ethan Roberts,CHC,10,0,9.0,1,0,0,10,6,2,1,6
21549,663804,Jackson Kowar,SEA,15,0,17.0,2,0,1,14,8,7,1,15
16587,657024,Erik Swanson,TOR,6,0,5.1,1,0,0,8,9,5,1,3
12777,605154,John Brebbia,- - -,22,0,23.1,1,0,2,28,20,12,4,26
29633,694851,Andrew Hoffmann,- - -,11,0,12.0,1,0,3,14,8,10,0,12
11384,592454,Tommy Kahnle,DET,66,0,63.0,1,9,16,51,31,31,1,50
25311,682610,Roddery Muñoz,STL,9,0,11.0,0,0,0,9,10,9,0,14
13774,621107,Zach Eflin,BAL,14,14,71.1,6,0,0,88,47,13,2,50
22253,669308,Sean Reynolds,SDP,19,1,27.0,0,0,2,20,16,17,3,25
33294,678020,Seth Halvorsen,COL,42,0,39.2,1,11,4,41,22,21,0,36
14524,600917,José Leclerc,ATH,10,0,9.0,0,0,1,13,6,5,0,8
22533,671305,Michel Otañez,ATH,6,0,5.1,0,0,1,7,8,5,1,6
13896,623167,Chris Flexen,CHC,21,1,43.2,5,1,0,38,15,12,0,22
27570,669371,Cole Henry,WSN,57,0,52.2,1,2,9,43,25,32,11,52
26048,687830,Sawyer Gipson-Long,DET,8,3,31.1,0,0,1,34,25,6,2,26
26443,691951,Sam Aldegheri,LAA,4,2,13.2,0,0,0,20,12,10,4,12
20203,669212,Eli Morgan,CHC,7,0,7.1,0,0,0,12,10,3,0,4
28253,691594,Javier Sanoja,MIA,8,0,9.1,0,0,0,24,17,5,0,1
31751,680729,Garrett McDaniels,LAA,10,0,10.2,0,0,1,13,7,8,1,6
31533,682989,Victor Mederos,LAA,5,3,17.0,0,0,0,18,14,12,3,14
30170,695534,Chase Petty,CIN,3,2,6.0,0,0,0,14,13,8,1,7
19337,663992,Richard Lovelady,- - -,10,0,11.2,0,0,2,12,11,6,4,12
31701,694918,Blade Tidwell,NYM,4,2,15.0,1,0,0,23,15,10,1,10
17948,663423,Trent Thornton,SEA,33,0,42.1,2,0,5,41,22,14,4,32
31989,802419,Thomas Harrington,PIT,3,1,8.2,0,1,0,18,15,7,0,7
15423,571760,Andrew Heaney,- - -,27,23,122.1,5,0,0,129,75,40,9,86
30180,701519,Travis Adams,MIN,18,2,33.2,1,0,2,39,28,17,3,31
21205,641401,Connor Brogdon,LAA,43,0,47.0,3,0,4,45,29,18,0,49
24862,681676,Ryan Fernandez,STL,32,0,30.1,0,1,4,36,26,16,1,34
5448,445926,Jesse Chavez,ATL,4,0,8.0,0,0,0,14,8,5,0,8
19264,641672,Thomas Hatch,- - -,12,1,34.0,2,0,0,40,22,17,0,22
33826,673513,Yuki Matsui,SDP,61,0,63.1,3,1,3,53,28,33,1,61
20061,672391,Kaleb Ort,HOU,49,0,46.0,2,1,3,35,25,27,0,49
30160,690916,Richard Fitts,BOS,11,10,45.0,2,0,0,43,25,16,3,40
19374,621111,Walker Buehler,- - -,26,24,126.0,10,0,0,130,69,61,11,92
26247,687377,Orlando Ribalta,WSN,22,0,24.1,0,0,0,28,19,17,1,25
27271,686228,Juan Burgos,- - -,13,0,13.1,1,0,3,17,9,8,1,14
27783,694350,Zach Brzykcy,WSN,26,0,23.0,0,0,0,28,23,12,2,24
26257,683155,Joey Estes,ATH,3,2,11.0,0,0,0,16,12,6,1,6
30004,685326,McCade Brown,COL,7,7,25.2,0,0,0,30,21,17,5,23
7005,519151,Ryan Pressly,CHC,44,0,41.1,2,5,7,46,20,17,2,28
19879,656557,Tanner Houck,BOS,9,9,43.2,0,0,0,57,39,17,5,32
20271,678226,Daysbel Hernández,ATL,39,0,37.0,4,0,10,27,14,30,2,33
25379,669674,Sam Long,KCR,39,0,40.1,2,0,1,48,24,22,2,33
16561,596295,Austin Gomber,COL,12,12,57.2,0,0,0,82,48,17,1,34
16122,605447,Jordan Romano,PHI,49,0,42.2,2,8,7,45,39,17,3,47
29866,694646,Chayce McDermott,BAL,4,1,8.2,0,0,0,12,15,12,1,9
31508,702674,Caden Dana,LAA,7,5,32.1,0,0,0,30,23,18,1,33
31552,688642,Zach Agnos,COL,30,0,31.1,1,4,3,31,23,17,0,19
25481,686747,Joe La Sorsa,CIN,5,0,6.2,0,0,0,13,8,2,0,2
17432,656546,Jeff Hoffman,TOR,71,0,68.0,9,33,0,54,33,27,4,84
29521,702795,Ryan Loutos,- - -,12,0,12.0,1,0,0,20,17,8,2,8
21504,663623,Jake Irvin,WSN,33,33,180.0,9,0,0,195,114,62,6,124
20185,647315,Zach Pop,- - -,5,0,6.2,0,0,0,15,11,2,1,3
31676,687931,Carson Whisenhunt,SFG,5,5,23.1,2,0,0,22,13,12,2,16
25957,681006,Josh Simpson,MIA,31,0,30.2,4,0,2,34,25,22,3,36
31318,680684,Gunnar Hoglund,ATH,6,6,32.1,1,0,0,38,23,11,0,23
22051,667463,John King,STL,51,0,48.1,2,0,3,65,25,14,0,28
29628,689690,Alek Jacob,SDP,29,0,33.1,1,0,2,36,19,14,6,23
14916,592351,Jon Gray,TEX,6,0,14.0,1,0,0,15,12,6,0,12
25139,682120,Tim Herrin,CLE,54,0,42.2,5,0,15,37,23,30,6,45
13470,608371,Lucas Sims,WSN,18,0,12.1,1,0,1,14,19,14,7,13
22361,670059,Colin Holderman,PIT,24,0,25.2,0,1,2,34,20,16,2,18
16427,656240,Scott Blewett,- - -,26,2,44.1,3,0,0,45,27,18,1,35
26079,689225,Beau Brieske,DET,22,1,22.0,1,1,5,24,16,12,0,16
14857,573009,Joe Mantiply,ARI,10,0,9.2,0,0,0,26,17,3,1,8
21453,663455,Konnor Pilkington,WSN,32,0,28.1,2,0,5,22,14,17,2,34
30661,800311,Didier Fuentes,ATL,4,4,13.0,0,0,0,23,20,6,2,12
26463,692024,Alex Carrillo,NYM,3,0,4.2,0,0,0,6,7,2,1,4
23135,674285,Eduardo Salazar,WSN,30,0,29.0,0,0,2,47,27,16,1,23
26215,671131,Jackson Rutledge,WSN,63,0,73.1,4,0,3,87,47,24,7,65
19453,641312,Shaun Anderson,LAA,7,0,11.1,1,0,0,20,13,3,0,11
19990,669060,Bryse Wilson,CHW,20,5,47.1,0,0,0,67,35,19,2,28
19459,660896,Jorge Alcala,- - -,56,0,55.0,0,0,5,66,38,30,1,61
20962,660730,Elvin Rodríguez,- - -,7,2,19.2,0,0,0,26,20,7,1,18
25679,687330,Kevin Kelly,TBR,41,0,39.2,2,0,5,45,26,9,0,35
35324,829272,Shinnosuke Ogasawara,WSN,23,2,38.2,1,0,1,43,30,17,3,30
33908,820862,José Fermin,LAA,40,0,34.1,3,0,6,25,17,23,1,39
19362,669211,Keegan Akin,BAL,64,3,63.1,5,8,16,54,24,33,1,59
19753,642528,Jonathan Loáisiga,NYY,30,0,29.2,0,1,7,34,14,10,3,25
10591,518397,Scott Alexander,- - -,21,0,17.2,1,0,3,23,12,9,1,8
26952,683627,Anthony Molina,COL,17,1,34.2,1,0,0,52,28,6,2,24
23150,674370,Osvaldo Bido,ATH,26,10,79.2,2,1,0,93,52,35,6,68
13652,605463,Tayler Scott,- - -,24,0,27.1,1,0,3,34,24,18,1,24
16061,592155,Cam Booser,CHW,39,0,31.0,2,1,8,28,19,19,2,35
24604,680735,Austin Cox,ATL,13,1,21.1,0,0,2,30,21,7,0,22
22915,672841,Carlos Vargas,SEA,70,0,77.0,5,1,14,81,34,23,7,54
27688,686799,Jack Kochanowicz,LAA,23,23,111.0,3,0,0,136,84,58,7,72
31612,687223,Carson Palmquist,COL,9,7,34.1,0,0,0,45,34,25,3,27
25420,666171,Ryan Zeferjahn,LAA,62,1,57.0,6,2,17,49,30,35,4,73
21132,664747,Alexis Díaz,- - -,18,0,17.2,1,0,4,15,16,12,5,17
30084,693313,Carson Seymour,SFG,16,3,36.0,1,0,1,37,19,13,1,26
26413,687863,Porter Hodge,CHC,36,0,33.0,2,2,8,34,23,18,0,40
10123,502043,Kyle Gibson,BAL,4,4,12.1,0,0,0,29,23,7,0,10
22200,669020,Ryan Rolison,COL,31,1,42.1,1,0,0,55,33,20,0,25
13050,543101,Anthony DeSclafani,ARI,13,4,38.2,1,2,1,37,22,12,5,36
21863,666277,George Soriano,MIA,24,0,36.2,2,1,0,46,34,19,2,36
26790,683409,Angel Chivilli,COL,43,0,58.2,1,0,1,76,46,23,6,43
25862,663562,Noah Davis,- - -,9,0,11.0,0,0,0,22,22,6,7,15
24203,678821,Luis Peralta,COL,22,0,19.0,1,0,1,26,20,18,2,16
20548,670102,Bowden Francis,TOR,14,14,64.0,2,0,0,71,43,27,6,54
17490,650893,Génesis Cabrera,- - -,40,0,42.2,0,1,3,46,31,18,2,35
15552,643338,Chad Green,TOR,45,0,43.2,3,1,7,51,27,13,2,35
17874,641482,Nestor Cortes,- - -,8,8,34.1,2,0,0,36,24,20,2,29
26419,687134,Bradley Blalock,COL,14,12,58.2,2,0,0,85,61,23,3,27
