playerid,xMLBAMID,PlayerName,Team,G,AB,R,1B,2B,3B,HR,RBI,SB,BB,HBP
15640,592450,Aaron Judge,NYY,152,541,137,94,30,2,53,114,12,124,7
21534,663728,Cal Raleigh,SEA,159,596,110,63,24,0,60,125,14,97,9
25764,677951,Bobby Witt Jr.,KCR,157,623,99,108,47,6,23,88,38,49,8
19755,660271,Shohei Ohtani,LAD,158,611,146,83,25,9,55,102,20,109,3
22799,672695,Geraldo Perdomo,ARI,161,597,98,115,33,5,20,100,27,94,10
16252,607208,Trea Turner,PHI,141,589,94,126,31,7,15,69,36,43,5
25878,682998,Corbin Carroll,ARI,143,564,107,66,32,17,31,84,32,67,7
13510,608070,José Ramírez,CLE,158,593,103,101,34,3,30,85,44,66,8
12916,596019,Francisco Lindor,NYM,160,644,117,106,35,0,31,86,31,65,16
19709,665487,Fernando Tatis Jr.,SDP,155,594,111,105,27,2,25,71,32,89,6
20123,665742,Juan Soto,NYM,160,577,120,88,20,1,43,105,38,127,3
23697,677594,Julio Rodríguez,SEA,160,652,106,107,31,4,32,95,30,44,12
21636,665161,Jeremy Peña,HOU,125,493,68,101,30,2,17,62,20,35,12
22715,672580,Maikel Garcia,KCR,160,595,81,110,39,5,16,74,23,62,1
27769,691718,Pete Crow-Armstrong,CHC,157,591,91,74,37,4,31,95,35,29,9
12856,543807,George Springer,TOR,140,498,106,94,27,1,32,84,18,69,8
14161,621439,Byron Buxton,MIN,126,488,97,66,21,7,35,83,24,41,7
16478,656941,Kyle Schwarber,PHI,162,604,111,64,23,2,56,132,10,108,11
15998,641355,Cody Bellinger,NYY,152,588,89,101,25,5,29,98,13,57,2
21479,663538,Nico Hoerner,CHC,156,599,89,138,29,4,7,61,29,39,7
26289,683002,Gunnar Henderson,BAL,154,577,85,102,34,5,17,68,30,62,7
14344,621566,Matt Olson,ATL,162,624,98,98,41,2,29,95,1,91,4
22581,672386,Alejandro Kirk,TOR,130,451,45,94,18,0,15,76,1,48,1
13613,606466,Ketel Marte,ARI,126,480,87,80,28,0,28,72,4,64,9
35110,701762,Nick Kurtz,ATH,117,420,90,58,26,2,36,86,2,63,2
28163,691406,Junior Caminero,TBR,154,602,93,86,28,0,45,110,7,41,3
18345,663656,Kyle Tucker,CHC,136,500,91,82,25,4,22,73,25,87,4
22186,668930,Brice Turang,MIL,156,584,97,120,28,2,18,81,24,66,2
20454,665862,Jazz Chisholm Jr.,NYY,130,462,75,65,15,1,31,80,31,58,6
26668,682829,Elly De La Cruz,CIN,162,629,102,106,31,7,22,86,37,67,2
19197,669257,Will Smith,LAD,110,362,64,69,20,1,17,61,2,64,5
33333,694671,Wyatt Langford,TEX,134,489,73,70,25,1,22,62,22,74,5
24816,681624,Andy Pages,LAD,156,581,74,103,27,1,27,86,14,29,8
27464,693307,Dillon Dingler,DET,126,435,54,85,21,2,13,57,0,23,9
15986,642715,Willy Adames,SFG,160,591,94,79,22,2,30,87,12,80,5
13624,608369,Corey Seager,TEX,102,380,61,63,19,0,21,50,3,58,5
26151,669065,Kyle Stowers,MIA,117,399,61,66,21,3,25,73,5,48,5
25816,669127,Shea Langeliers,ATH,123,481,73,70,32,0,31,72,7,36,1
24617,680776,Jarren Duran,BOS,157,620,86,89,41,13,16,84,24,60,12
5361,518692,Freddie Freeman,LAD,147,556,81,99,39,2,24,90,6,60,6
19611,665489,Vladimir Guerrero Jr.,TOR,156,589,96,115,34,0,23,84,6,81,6
19612,666182,Bo Bichette,TOR,139,582,78,118,44,1,18,94,4,40,3
12552,553993,Eugenio Suárez,- - -,159,588,91,57,28,0,49,118,4,46,16
24262,678882,Ceddanne Rafaela,BOS,156,546,84,82,34,4,16,63,20,28,8
11493,592518,Manny Machado,SDP,159,615,91,109,33,0,27,95,14,55,3
16505,656305,Matt Chapman,SFG,128,454,76,59,23,2,21,61,9,71,6
20503,661388,William Contreras,MIL,150,566,89,102,28,0,17,76,6,84,3
19251,624413,Pete Alonso,NYM,162,624,87,90,41,1,38,126,1,61,15
29622,686217,Sal Frelick,MIL,142,528,76,117,20,3,12,63,19,47,7
17678,608324,Alex Bregman,BOS,114,433,64,72,28,0,18,62,1,51,9
18401,660670,Ronald Acuña Jr.,ATL,95,338,74,64,12,1,21,42,9,71,3
27479,691026,Masyn Winn,STL,129,491,72,88,27,0,9,51,9,34,8
26319,683737,Michael Busch,CHC,155,524,78,73,25,5,34,90,4,56,10
11579,547180,Bryce Harper,PHI,132,501,72,72,32,0,27,75,12,70,6
13611,605141,Mookie Betts,LAD,150,589,95,107,23,2,20,82,8,61,3
29715,696100,Hunter Goodman,COL,144,540,73,86,28,5,31,91,1,33,4
33266,805779,Jacob Wilson,ATH,125,486,62,112,26,0,13,63,5,27,7
27467,691016,Tyler Soderstrom,ATH,158,561,75,95,34,1,25,93,8,55,6
18314,621020,Dansby Swanson,CHC,159,590,84,93,24,3,24,77,20,47,2
17350,646240,Rafael Devers,- - -,163,607,99,85,33,0,35,109,1,112,6
29518,695578,James Wood,WSN,157,598,87,84,38,0,31,94,15,85,3
12161,593428,Xander Bogaerts,SDP,136,491,63,88,30,0,11,53,20,48,4
20352,676391,Ernie Clement,TOR,157,545,83,105,35,2,9,50,6,27,4
27478,672275,Patrick Bailey,SFG,135,409,47,64,18,3,6,55,1,30,3
18030,664056,Harrison Bader,- - -,146,448,61,82,24,1,17,54,11,39,11
24610,680757,Steven Kwan,CLE,156,625,81,129,29,1,11,56,21,55,3
19392,656716,Zach McKinstry,DET,144,452,68,71,23,11,12,49,19,46,7
18564,663757,Trent Grisham,NYY,143,494,87,72,9,1,34,74,3,82,4
25768,682928,CJ Abrams,WSN,144,580,92,90,35,5,19,60,31,37,14
18839,647304,Josh Naylor,- - -,147,543,81,110,29,1,20,92,30,48,4
31347,687263,Zach Neto,LAA,128,502,82,73,29,1,26,62,26,33,14
31539,686948,Drake Baldwin,ATL,124,405,56,72,18,2,19,80,0,38,3
26294,681082,Bryson Stott,PHI,147,499,66,90,22,3,13,66,24,54,1
29576,700250,Ben Rice,NYY,138,467,74,61,28,4,26,65,3,50,9
27562,669224,Austin Wells,NYY,126,401,51,44,22,1,21,71,5,30,5
16442,656811,Ryan O'Hearn,- - -,144,474,67,94,21,1,17,63,3,58,8
12564,596115,Trevor Story,BOS,157,612,91,107,29,0,25,96,31,33,7
29490,701538,Jackson Merrill,SDP,115,440,59,69,25,6,16,67,1,33,4
12927,607043,Brandon Nimmo,NYM,155,587,81,102,27,0,25,92,13,50,7
17128,657656,Ramón Laureano,- - -,132,441,72,72,26,2,24,76,7,35,8
13301,571970,Max Muncy,LAD,100,313,48,45,10,2,19,67,4,64,6
28806,694192,Jackson Chourio,MIL,131,549,88,88,35,4,21,78,21,30,3
17548,621493,Taylor Ward,LAA,157,579,86,63,31,2,36,103,4,75,3
25976,682985,Riley Greene,DET,157,600,84,87,31,1,36,111,2,46,4
18036,630105,Jake Cronenworth,SDP,135,419,61,71,20,1,11,59,3,69,15
19290,668227,Randy Arozarena,SEA,160,613,95,86,32,1,27,76,31,64,27
16578,650490,Yandy Díaz,TBR,150,583,79,120,29,1,25,83,3,57,6
19522,670770,TJ Friedl,CIN,152,579,82,113,22,2,14,53,12,81,16
24679,680977,Brendan Donovan,STL,118,460,64,90,32,0,10,50,3,42,7
15491,641487,J.P. Crawford,SEA,157,570,69,115,24,0,12,58,8,74,3
17919,664023,Ian Happ,CHC,150,569,87,83,32,0,23,79,6,87,2
11609,575929,Willson Contreras,STL,135,490,70,74,31,1,20,80,5,44,23
31812,701350,Roman Anthony,BOS,71,257,48,48,18,1,8,32,4,40,5
22664,672515,Gabriel Moreno,ARI,83,277,44,57,12,1,9,40,2,29,1
29712,695657,Colson Montgomery,CHW,71,255,43,30,9,1,21,55,0,25,2
20599,671056,Iván Herrera,STL,107,388,54,78,13,0,19,66,8,43,15
19722,665966,Carlos Narváez,BOS,118,403,51,55,27,0,15,50,1,38,1
13620,608348,Carson Kelly,CHC,111,369,48,61,13,1,17,50,2,45,3
29646,702332,Caleb Durbin,MIL,136,445,60,78,25,0,11,53,18,30,24
13152,593871,Jorge Polanco,SEA,138,471,64,69,30,0,26,78,6,42,3
14162,621043,Carlos Correa,- - -,144,537,63,106,29,0,13,52,0,45,1
25477,686555,Isaac Collins,MIL,130,372,56,64,22,3,9,54,16,57,6
30116,673548,Seiya Suzuki,CHC,151,571,75,74,31,3,32,103,5,71,1
16997,650402,Gleyber Torres,DET,145,532,79,98,22,0,16,74,4,85,4
21837,666018,Jonathan Aranda,TBR,106,370,56,81,22,0,14,59,0,41,8
22266,669364,Xavier Edwards,MIA,139,561,75,131,20,5,3,43,27,49,3
11477,592885,Christian Yelich,MIL,150,573,88,101,21,0,29,103,16,64,6
20036,670623,Isaac Paredes,HOU,102,378,53,60,15,1,20,53,0,50,8
23772,677800,Wilyer Abreu,BOS,115,373,53,53,17,0,22,69,6,40,0
20202,669016,Brandon Marsh,PHI,133,379,59,68,25,2,11,43,7,38,0
33824,808982,Jung Hoo Lee,SFG,150,560,73,98,31,12,8,55,10,47,6
19627,667670,Brent Rooker,ATH,162,626,92,91,40,3,30,89,6,65,5
14854,573262,Mike Yastrzemski,- - -,147,477,68,65,28,1,17,46,7,72,2
27465,679529,Spencer Torkelson,DET,155,563,82,76,27,1,31,78,2,72,9
19608,672640,Otto Lopez,MIA,143,544,66,98,21,0,15,77,15,44,3
26123,683146,Brett Baty,NYM,130,393,53,67,13,2,18,50,8,33,2
20308,676694,Jake Meyers,HOU,104,343,53,80,15,2,3,24,16,31,3
16530,643289,Mauricio Dubón,HOU,133,369,43,61,21,0,7,33,3,24,1
19918,662139,Daulton Varsho,TOR,71,248,43,24,13,2,20,55,2,17,1
24598,680718,Addison Barger,TOR,135,460,61,58,32,1,21,74,4,36,3
31370,805300,Jakob Marsee,MIA,55,209,28,35,18,3,5,33,14,22,2
5417,514888,Jose Altuve,HOU,155,588,80,105,24,1,26,77,10,55,4
12533,543760,Marcus Semien,TEX,127,470,62,76,16,1,15,62,11,50,5
23401,676609,José Caballero,- - -,126,314,52,50,18,1,5,36,49,47,3
15362,643446,Jeff McNeil,NYM,122,399,42,59,21,5,12,54,3,49,8
27615,676475,Alec Burleson,STL,139,497,54,98,26,2,18,69,5,39,3
11739,592663,J.T. Realmuto,PHI,134,502,57,90,26,1,12,52,8,35,9
24618,680777,Ryan Jeffers,MIN,119,406,47,73,26,0,9,47,1,50,7
13897,623168,Tyler Heineman,TOR,64,149,25,31,8,1,3,20,2,12,6
19352,669221,Sean Murphy,ATL,94,291,34,29,13,0,16,45,0,35,8
22542,671732,Lawrence Butler,ATH,152,569,83,80,30,2,21,63,22,59,0
15112,641857,Ryan McMahon,- - -,154,509,62,65,23,1,20,53,3,70,4
4949,519317,Giancarlo Stanton,NYY,77,249,36,36,8,0,24,66,0,29,1
27815,676059,Jordan Westburg,BAL,85,328,59,59,10,1,17,41,1,17,6
33549,691019,Kyle Teel,CHW,78,253,38,50,11,0,8,35,3,37,5
26202,663968,Jake Mangum,TBR,118,405,37,98,18,1,3,40,27,19,2
18123,664770,Nathan Lukes,TOR,135,388,55,66,19,2,12,65,2,38,2
26121,682626,Francisco Alvarez,NYM,76,246,32,39,12,1,11,32,0,27,4
17620,664702,Myles Straw,TOR,137,267,51,51,14,1,4,32,12,19,1
10155,545361,Mike Trout,LAA,130,456,73,65,14,1,26,64,2,87,6
26396,669701,Josh Smith,TEX,144,495,70,89,23,2,10,35,12,55,8
21618,664761,Alec Bohm,PHI,120,464,53,101,18,3,11,59,2,29,5
31349,687363,Victor Scott II,STL,138,398,54,65,15,1,5,37,34,42,10
26477,687462,Spencer Horwitz,PIT,108,364,55,62,26,0,11,51,0,44,2
7802,500743,Miguel Rojas,LAD,114,290,35,51,18,0,7,27,5,24,0
22857,672761,Wenceel Pérez,DET,100,344,47,50,17,4,13,43,8,31,3
18882,664040,Brandon Lowe,TBR,134,507,79,80,19,0,31,83,3,38,2
26299,673962,Josh Jung,TEX,131,482,53,83,23,1,14,61,4,27,2
18360,663586,Austin Riley,ATL,102,416,54,71,20,1,16,54,2,27,3
27899,690993,Colt Keith,DET,137,414,65,69,22,2,13,45,1,48,2
17022,624641,Edmundo Sosa,PHI,89,243,30,43,12,1,11,39,1,10,2
15905,620443,Luis Torrens,NYM,93,261,20,39,14,1,5,29,1,19,2
21711,665833,Oneil Cruz,PIT,135,471,62,53,18,3,20,61,38,64,4
23003,673237,Yainer Diaz,HOU,143,542,56,93,25,1,20,70,1,20,2
25782,686780,Pedro Pagés,STL,112,361,38,57,15,0,11,45,0,19,3
33321,807712,Luke Keaschall,MIN,49,182,25,37,14,0,4,28,14,19,5
25961,681481,Kerry Carpenter,DET,130,433,66,60,18,5,26,62,1,18,7
25807,669707,Jared Triolo,PIT,107,331,41,48,18,2,7,24,13,39,2
27676,686469,Vinnie Pasquantino,KCR,160,621,72,98,33,1,32,113,1,49,7
26438,686527,Dominic Canzone,SEA,82,243,30,51,11,0,11,32,3,20,3
21865,666310,Bo Naylor,CLE,123,359,46,33,22,1,14,47,1,45,1
33322,807713,Matt Shaw,CHC,126,393,57,52,21,3,13,44,17,38,2
21562,663853,Romy Gonzalez,BOS,96,315,47,61,23,3,9,53,6,18,3
27790,694497,Evan Carter,TEX,63,194,31,32,9,2,5,25,14,19,7
12979,595879,Javier Báez,DET,126,417,55,75,17,3,12,57,5,10,6
33189,694384,Nolan Schanuel,LAA,132,488,64,93,23,1,12,53,5,59,10
20572,665019,Kody Clemens,- - -,119,348,46,39,12,4,19,52,5,29,5
29995,695734,Daylen Lile,WSN,91,321,51,61,15,11,9,41,8,21,4
29695,680574,Matt McLain,CIN,147,510,73,79,18,0,15,50,18,55,5
18577,663647,Ke'Bryan Hayes,- - -,152,527,50,100,16,3,5,49,12,36,5
15274,643565,Mike Tauchman,CHW,93,335,44,61,17,1,9,40,0,45,4
25493,687401,Joey Ortiz,MIL,149,470,62,82,18,1,7,45,14,27,3
26466,670242,Matt Wallner,MIN,104,336,47,27,16,3,22,40,4,46,8
25931,671739,Michael Harris II,ATL,160,611,55,100,26,6,20,86,20,16,3
31580,805367,Chase Meidroth,CHW,122,450,54,94,15,0,5,23,14,45,6
20178,678246,Miguel Vargas,CHW,138,504,80,68,32,2,16,60,6,56,6
22896,672820,Lenyn Sosa,CHW,140,518,57,94,20,1,22,75,2,18,4
19901,657757,Gavin Sheets,SDP,145,492,57,76,28,1,19,71,2,44,5
17929,656775,Cedric Mullins,- - -,133,435,58,53,23,1,17,59,22,50,4
16556,645277,Ozzie Albies,ATL,157,603,74,104,23,2,16,74,14,55,4
25180,682177,Daniel Schneemann,CLE,131,379,48,47,18,1,12,41,9,38,3
21524,663698,Joey Bart,PIT,93,285,21,54,12,1,4,30,1,40,7
23565,676914,Davis Schneider,TOR,82,188,33,28,5,0,11,31,3,36,2
29858,672016,Denzel Clarke,ATH,47,148,18,21,8,2,3,8,6,6,3
16535,643376,Danny Jansen,- - -,98,288,38,37,11,0,14,36,0,42,4
20043,673357,Luis Robert Jr.,CHW,110,382,52,59,12,0,14,53,33,40,2
10815,595777,Jurickson Profar,ATL,80,318,56,47,16,1,14,43,9,48,5
24878,681715,Heriberto Hernández,MIA,87,256,40,45,12,1,10,45,1,31,3
19363,669720,Austin Hays,CIN,103,380,60,65,16,5,15,64,7,29,1
31781,702616,Jackson Holliday,BAL,149,586,70,101,21,3,17,55,17,56,6
20220,666176,Jo Adell,LAA,152,526,63,68,18,1,37,98,5,33,10
10324,542303,Marcell Ozuna,ATL,145,487,61,73,19,0,21,68,0,94,3
19470,669242,Tommy Edman,LAD,97,346,49,51,13,1,13,49,3,19,6
12976,595978,Austin Hedges,CLE,70,155,13,17,3,0,5,10,1,18,1
29794,700932,Kyle Manzardo,CLE,142,470,47,62,19,2,27,70,2,48,8
26288,668939,Adley Rutschman,BAL,90,322,37,44,16,2,9,29,0,40,1
21614,664728,Kyle Isbel,KCR,135,368,42,70,16,4,4,33,4,23,2
17988,663886,Tyler Stephenson,CIN,88,299,40,38,18,0,13,50,0,37,2
13419,572233,Christian Walker,HOU,154,585,72,87,24,1,27,88,2,40,11
15878,609280,Miguel Andujar,- - -,94,321,36,74,17,1,10,44,1,17,1
22515,671218,Heliot Ramos,SFG,157,620,85,113,24,1,21,69,6,52,17
18795,602104,Ramón Urías,- - -,112,352,33,57,17,0,11,44,3,27,2
22563,672356,Gabriel Arias,CLE,129,432,44,57,25,2,11,54,8,27,7
19326,668804,Bryan Reynolds,PIT,154,587,68,87,38,3,16,73,3,57,7
18872,663330,Jahmai Jones,DET,72,129,21,18,11,1,7,23,2,18,3
17276,656577,Alex Jackson,BAL,37,91,17,7,8,0,5,8,0,5,4
26517,682622,Noelvi Marte,CIN,90,339,45,56,17,2,14,51,10,16,3
23789,677942,Blaze Alexander,ARI,74,230,31,33,12,1,7,28,4,22,10
19950,665926,Andrés Giménez,TOR,101,329,39,50,11,1,7,35,12,25,11
19913,660821,Jesús Sánchez,- - -,134,451,61,68,21,4,14,48,13,42,2
35108,701358,Cam Smith,HOU,134,441,55,71,21,3,9,51,8,43,7
21538,663743,Nick Fortes,- - -,97,218,19,35,9,1,5,21,1,14,7
27647,683011,Anthony Volpe,NYY,153,539,65,59,32,4,19,72,18,43,4
29931,696285,Jacob Young,WSN,120,324,34,62,10,1,2,31,15,27,3
29844,689414,Liam Hicks,MIA,119,332,37,62,13,1,6,45,2,43,9
13770,608701,Rob Refsnyder,BOS,70,182,29,28,12,0,9,30,3,24,1
20437,668904,Royce Lewis,MIN,106,376,36,58,18,0,13,52,12,25,0
5517,543309,Kyle Higashioka,TEX,94,303,33,47,14,1,11,47,3,20,2
31363,688363,Graham Pauley,MIA,62,161,18,22,9,1,4,11,2,21,0
27462,668885,Austin Martin,MIN,50,156,22,34,8,1,1,7,11,22,1
21840,666023,Freddy Fermin,- - -,109,319,32,62,13,0,5,26,1,19,2
26323,668715,Spencer Steer,CIN,146,509,66,77,21,2,21,75,7,51,5
15271,642851,Austin Wynns,- - -,40,103,13,16,8,0,6,21,0,5,0
19296,669743,Alex Call,- - -,110,270,43,52,13,2,5,31,2,36,6
27490,693304,Nick Gonzales,PIT,96,381,39,73,18,3,5,30,0,21,2
17982,664034,Ty France,- - -,138,444,50,82,25,0,7,52,1,22,21
18568,650333,Luis Arraez,SDP,154,620,66,139,30,4,8,61,11,34,2
16472,656555,Rhys Hoskins,MIL,90,279,30,41,12,1,12,43,2,38,5
31431,687597,Jordan Beck,COL,148,539,62,91,27,5,16,53,19,43,4
9777,571448,Nolan Arenado,STL,107,401,48,64,18,1,12,52,3,28,3
21693,665804,Miguel Amaya,CHC,28,96,14,14,9,0,4,25,0,4,1
14968,605170,Victor Caratini,HOU,114,344,35,63,14,0,12,46,1,23,13
21454,663457,Lars Nootbaar,STL,135,509,68,81,24,1,13,48,4,64,6
24064,678662,Ezequiel Tovar,COL,95,360,44,60,18,4,9,33,5,21,1
35322,808975,Hyeseong Kim,LAD,71,161,19,35,6,1,3,17,13,7,1
15194,641343,Jake Bauers,MIL,86,183,28,27,9,0,7,28,8,32,2
22239,669236,Jeremiah Jackson,BAL,48,170,20,30,10,2,5,21,0,11,2
13675,621438,Tyrone Taylor,NYM,113,310,34,46,18,3,2,27,12,16,9
9218,502671,Paul Goldschmidt,NYY,146,489,76,92,31,1,10,45,5,36,4
21009,660844,Leo Rivas,SEA,48,90,19,18,2,0,2,9,6,20,1
25979,683083,Nasim Nuñez,WSN,39,82,13,13,2,0,4,13,9,8,0
15674,624512,Reese McGuire,CHC,45,133,17,19,2,0,9,24,0,4,0
21842,666126,Carlos Cortes,ATH,42,94,11,16,8,1,4,14,0,3,0
19287,666969,Adolis García,TEX,135,507,58,68,28,0,19,75,13,28,5
19238,666971,Lourdes Gurriel Jr.,ARI,129,500,52,79,24,2,19,80,10,31,6
20391,671277,Luis García Jr.,WSN,139,488,67,78,28,1,16,66,14,27,2
15223,624428,Adam Frazier,- - -,134,419,43,85,20,0,7,44,8,26,8
22277,669397,Nick Allen,ATL,135,371,32,71,11,0,0,22,8,31,3
12859,543510,James McCann,ARI,42,123,18,21,6,0,5,17,0,8,4
29630,694388,Joey Loperfido,TOR,41,96,12,24,4,0,4,14,1,4,3
28253,691594,Javier Sanoja,MIA,120,313,40,44,22,4,6,38,6,19,2
27577,669477,Casey Schmitt,SFG,95,312,34,47,15,0,12,40,0,27,5
31912,802415,Chandler Simpson,TBR,109,414,53,104,15,3,0,26,44,20,0
19455,655316,Andruw Monasterio,MIL,68,126,19,21,9,0,4,16,2,7,2
23698,677595,Ronny Mauricio,NYM,61,168,19,26,6,0,6,10,4,15,1
16512,643396,Isiah Kiner-Falefa,- - -,138,431,45,88,21,2,2,40,15,17,5
19892,656976,Pavin Smith,ARI,87,244,36,37,17,1,8,28,2,41,0
29478,695600,Carter Jensen,KCR,20,60,12,9,6,0,3,13,0,9,0
17232,660162,Yoán Moncada,LAA,84,248,39,31,13,2,12,35,0,32,7
28080,691176,Jasson Domínguez,NYY,123,381,58,69,18,1,10,47,23,41,3
9241,516782,Starling Marte,NYM,98,293,37,56,14,0,9,34,7,22,9
19346,642201,Eli White,ATL,105,256,43,39,8,3,10,35,10,11,2
31695,687637,Dylan Beavers,BAL,35,110,16,15,5,1,4,14,2,26,0
29591,681297,Colton Cowser,BAL,92,327,36,34,14,0,16,40,14,27,6
16947,656537,Derek Hill,- - -,57,134,19,20,6,0,3,11,7,9,3
20002,669369,Bryce Johnson,SDP,55,76,9,21,4,0,1,8,4,3,2
19318,642136,Matt Thaiss,- - -,60,156,16,26,6,1,1,16,1,29,3
13066,606192,Teoscar Hernández,LAD,134,511,65,71,29,1,25,89,5,26,3
19956,666160,Mickey Moniak,COL,135,434,62,65,20,8,24,68,9,22,2
29524,669326,Bryce Teodosio,LAA,50,138,12,18,7,2,1,7,7,5,4
21746,665877,José Fermín,STL,30,60,5,11,5,0,1,9,2,8,1
12144,596146,Max Kepler,PHI,127,417,58,53,19,0,18,52,3,48,4
26197,683734,Andrew Vaughn,- - -,112,406,35,67,22,0,14,65,0,31,3
26365,676356,Jonny DeLuca,TBR,20,57,5,15,1,3,0,4,6,2,0
25643,686452,Drew Millas,WSN,18,49,6,9,5,1,0,7,2,4,0
24605,680737,Michael Helman,TEX,38,99,18,12,5,1,5,20,4,7,1
24488,680474,Max Schuemann,ATH,101,183,20,28,4,2,2,13,7,22,4
17338,650489,Willi Castro,- - -,120,402,58,60,17,3,11,33,10,40,11
29592,681393,Connor Norby,MIA,88,311,42,52,17,1,8,34,8,18,5
19556,670541,Yordan Alvarez,HOU,48,165,17,31,8,0,6,27,1,28,0
7304,521692,Salvador Perez,KCR,155,597,54,76,35,0,30,100,0,28,12
27883,695336,Thomas Saggese,STL,82,275,25,52,17,0,2,25,3,16,1
27653,683766,Christian Koss,SFG,76,174,25,34,9,0,3,23,4,9,3
25479,686668,Brenton Doyle,COL,138,502,57,77,23,2,15,57,18,30,0
31583,805904,Zach Cole,HOU,15,47,9,6,2,0,4,11,3,5,0
23792,677950,Alek Thomas,ARI,143,433,51,77,19,3,9,38,7,21,5
20084,641555,J.C. Escarra,NYY,40,84,5,10,5,0,2,11,1,11,1
15518,642708,Amed Rosario,- - -,63,181,20,33,11,0,6,23,1,7,2
29668,691785,Marcelo Mayer,BOS,44,127,20,16,8,1,4,10,0,8,0
19921,663368,Blake Perkins,MIL,54,155,25,24,6,2,3,19,7,15,1
24336,679032,Johan Rojas,PHI,71,152,23,28,3,2,1,18,12,13,0
31505,701398,Sal Stewart,CIN,18,55,11,8,1,0,5,8,0,3,0
22184,668901,Mark Vientos,NYM,121,424,44,59,21,2,17,61,1,30,5
23690,677587,Brayan Rocchio,CLE,115,344,34,55,18,2,5,44,8,22,8
15653,642086,Dominic Smith,SFG,63,204,26,41,12,0,5,33,2,15,2
18819,628451,Andy Ibáñez,DET,91,176,24,30,8,0,4,21,4,12,4
29788,695391,Brett Harris,ATH,32,73,11,15,5,0,0,5,1,7,2
33197,810938,Ben Williamson,SEA,85,277,36,56,13,0,1,21,5,15,1
26548,682668,Luisangel Acuña,NYM,95,175,30,34,7,0,0,8,16,13,2
27690,686894,Joey Wiemer,MIA,27,55,7,8,2,0,3,12,0,2,2
26420,677347,Kyren Paris,LAA,44,126,20,13,4,1,6,11,7,10,3
11680,553869,Elias Díaz,SDP,106,255,34,36,7,0,9,29,0,21,2
27555,669003,Garrett Mitchell,MIL,25,68,9,9,4,1,0,3,3,7,1
25779,686475,Tyler Tolbert,KCR,64,50,19,11,2,0,1,6,21,1,3
26149,666150,Dominic Fletcher,CHW,12,32,5,1,5,0,1,2,1,2,0
26374,670224,Kameron Misner,TBR,71,197,27,27,9,1,5,22,8,16,1
31595,686797,Brooks Lee,MIN,139,487,50,83,15,1,16,64,3,31,4
25055,681987,Nate Eaton,BOS,41,81,16,19,4,0,1,4,9,6,1
19452,668670,Jake Rogers,DET,49,123,14,13,5,2,3,19,0,15,1
14111,606992,Eric Haase,MIL,30,70,11,11,3,0,2,9,0,4,2
24622,680837,Ryan Fitzgerald,MIN,24,46,10,5,0,0,4,9,1,7,0
13355,571912,Luke Maile,KCR,25,45,6,8,2,0,1,6,1,7,0
21496,663604,Brandon Lockridge,- - -,67,134,17,23,7,1,0,11,10,8,1
2396,467793,Carlos Santana,- - -,124,415,49,69,11,0,11,54,7,52,3
19260,641584,Jake Fraley,- - -,76,191,31,31,9,0,6,23,4,25,1
27506,673490,Ha-Seong Kim,- - -,48,171,19,31,4,0,5,17,6,16,2
16725,624431,Jose Trevino,CIN,94,282,30,43,20,0,4,22,0,15,0
28820,694208,Moisés Ballesteros,CHC,20,57,12,12,2,1,2,11,0,9,0
19955,666158,Gavin Lux,CIN,140,446,49,85,28,2,5,53,1,56,0
20017,670156,Miles Mastrobuoni,SEA,76,152,20,33,4,0,1,12,6,17,0
31665,690976,Alex Freeland,LAD,29,84,10,11,2,1,2,6,1,11,1
21646,665561,Rafael Marchán,PHI,42,105,9,16,4,0,2,13,0,10,1
9774,543877,Christian Vázquez,MIN,65,190,14,26,7,0,3,14,1,18,4
22458,670764,Taylor Walls,TBR,101,282,36,43,14,1,4,38,14,26,0
9874,518934,DJ LeMahieu,NYY,45,128,13,29,3,0,2,12,0,14,0
28312,691723,Coby Mayo,BAL,85,263,30,34,12,0,11,28,3,27,4
21501,663616,Trevor Larnach,MIN,142,503,62,84,24,1,17,60,4,53,4
2967,502054,Tommy Pham,PIT,120,392,44,68,17,1,10,52,5,50,2
19514,668800,Andrew Knizner,SFG,33,77,12,14,1,1,1,5,0,7,2
18848,650968,Yohel Pozo,STL,67,160,16,24,8,0,5,19,0,7,0
23800,678009,Parker Meadows,DET,58,191,22,29,6,2,4,16,4,21,0
33541,686611,Dylan Crews,WSN,85,293,43,41,8,2,10,27,17,24,5
18054,664059,Sam Haggerty,TEX,64,162,31,29,7,3,2,13,12,16,2
34979,695681,Christian Moore,LAA,53,162,20,19,5,1,7,16,3,19,1
25543,686676,Korey Lee,CHW,26,35,10,5,3,0,1,3,0,4,0
26143,687859,Troy Johnston,MIA,44,112,12,24,2,1,4,13,2,8,1
31765,805373,Nacho Alvarez Jr.,ATL,58,188,18,30,12,0,2,15,0,12,5
19354,670042,Luke Raley,SEA,73,183,23,25,8,0,4,19,2,19,13
17901,643217,Andrew Benintendi,CHW,116,420,57,63,16,2,20,63,1,40,3
20450,676551,Brewer Hicklen,DET,1,3,2,2,0,0,0,0,1,1,0
31357,701675,Nathan Church,STL,27,56,9,8,1,0,1,8,1,3,3
18015,657557,Paul DeJong,WSN,57,193,18,28,10,0,6,23,4,11,1
33704,692216,CJ Kayfus,CLE,44,123,16,12,10,1,4,19,4,11,2
13324,545121,Ildemaro Vargas,ARI,38,115,12,25,2,1,3,19,0,2,2
27531,666152,David Hamilton,BOS,91,177,27,24,4,1,6,19,22,13,1
13755,621512,Tomás Nido,DET,11,35,4,12,0,0,0,2,0,0,1
15172,641313,Tim Anderson,LAA,31,83,8,14,3,0,0,3,1,3,3
16622,649966,Luis Urías,ATH,96,287,27,51,7,0,8,25,2,31,6
26284,670231,John Rave,KCR,72,153,18,21,5,0,4,14,7,18,1
31500,690022,Ryan Ritter,COL,60,187,22,32,9,3,1,18,3,10,5
26208,666149,Tyler Fitzgerald,SFG,72,217,19,32,10,1,4,14,9,17,2
33280,694728,Brice Matthews,HOU,13,42,6,3,0,0,4,9,1,2,1
19877,656484,Tristan Gray,TBR,30,78,9,10,5,0,3,9,0,6,0
19802,640902,Jhonny Pereda,- - -,30,69,4,11,6,0,0,4,0,8,0
21707,665828,Oswaldo Cabrera,NYY,34,107,17,21,4,0,1,11,0,11,2
16398,640459,Brian Navarreto,MIA,8,14,3,1,2,0,1,5,0,0,0
31545,687551,Drew Gilbert,SFG,39,100,12,10,5,1,3,13,1,7,1
24273,678894,Liover Peguero,PIT,33,80,9,11,1,0,4,8,4,6,2
21871,666464,Jerar Encarnacion,SFG,19,55,5,6,3,0,2,7,1,1,0
23986,678554,Curtis Mead,- - -,90,240,26,42,10,1,3,19,5,15,8
21716,665839,Enmanuel Valdez,PIT,31,91,7,11,4,2,2,12,0,11,0
24589,680700,Richie Palacios,TBR,17,42,10,11,2,0,1,3,4,5,0
25971,682634,Kevin Alcántara,CHC,10,11,2,4,0,0,0,1,1,1,0
27931,690984,Petey Halpin,CLE,6,6,5,2,0,0,0,0,0,2,0
18217,664954,Brett Sullivan,PIT,3,6,1,1,0,0,0,2,0,1,1
19966,666915,Bobby Dalbec,CHW,7,18,2,3,1,0,0,1,0,3,0
31562,701305,Zach Dezenzo,HOU,34,98,17,16,6,0,2,10,1,11,0
22541,671655,George Valera,CLE,16,41,7,5,2,0,2,5,0,7,0
31567,702358,Trey Lipscomb,WSN,3,4,1,2,0,0,0,0,0,0,0
27630,679845,Nick Loftin,KCR,67,168,17,20,9,2,4,20,1,14,3
15679,642133,Rowdy Tellez,- - -,112,289,34,38,11,0,17,49,1,17,3
13145,605137,Josh Bell,WSN,140,468,54,72,16,1,22,63,0,57,5
26253,669194,Ryne Nelson,ARI,34,1,1,1,0,0,0,1,0,0,0
29487,694362,Blake Dunn,CIN,30,60,10,6,2,0,1,7,1,8,7
20536,660644,Vidal Bruján,- - -,61,87,14,17,5,0,0,8,2,6,1
22766,672642,Steward Berroa,MIL,2,5,0,0,0,0,0,0,1,1,0
27496,683357,Owen Caissie,CHC,12,26,4,3,1,0,1,4,0,1,0
19562,670097,Zack Short,HOU,22,50,9,7,2,0,2,7,0,4,1
25999,683748,Victor Mesa Jr.,MIA,16,32,7,3,2,0,1,6,0,5,0
23691,677588,José Tena,WSN,50,152,19,22,13,2,0,16,3,15,1
17684,605353,Vimael Machín,BAL,4,11,1,0,0,0,1,1,0,1,0
24655,680911,Owen Miller,COL,9,14,0,2,0,0,0,1,1,2,1
21780,665923,Esteury Ruiz,LAD,19,21,2,3,0,0,1,2,4,2,0
20626,682515,Logan Porter,SFG,5,7,2,1,0,0,0,1,0,1,1
29547,669208,Ryan Bliss,SEA,11,35,1,5,1,0,1,3,2,4,0
19858,650859,Luis Rengifo,LAA,147,501,55,91,16,3,9,43,10,33,3
21497,663609,Luken Baker,STL,19,34,3,5,3,0,0,2,0,7,0
21587,663967,César Salazar,HOU,11,13,0,3,0,0,0,1,0,2,1
16153,596103,Austin Slater,- - -,65,148,22,20,6,1,5,13,1,11,0
26244,685744,Kenedy Corona,HOU,3,2,0,0,0,0,0,0,0,2,0
21489,663584,Hayden Senger,NYM,33,72,8,12,1,0,0,4,0,3,1
22707,672569,Gustavo Campero,LAA,28,58,9,6,1,0,3,8,4,5,3
22168,668731,Akil Baddoo,DET,7,17,0,1,1,0,0,1,1,1,0
21626,665052,Griffin Conine,MIA,24,79,13,11,7,0,2,8,0,7,0
33252,691720,Kyle Karros,COL,43,137,20,26,4,0,1,9,0,15,2
13338,553882,Omar Narváez,CHW,4,7,1,2,0,0,0,3,0,2,0
29571,694374,Tim Tawa,ARI,74,199,29,25,8,0,7,18,8,20,1
29949,672012,Tyler Black,MIL,5,8,1,1,1,0,0,1,0,5,0
20321,656413,Stuart Fairchild,ATL,28,51,7,6,4,1,0,2,2,4,0
21853,666181,Will Benson,CIN,90,230,31,30,8,2,12,41,2,16,1
23250,675915,David Bañuelos,BAL,1,1,0,0,0,0,0,0,0,0,1
31855,687515,Colby Thomas,ATH,49,120,20,16,5,0,6,19,2,7,1
17161,595453,Chad Wallach,LAA,1,0,0,0,0,0,0,0,0,0,0
29606,669234,Justyn-Henry Malloy,DET,52,104,15,16,6,0,1,17,0,20,1
18551,645305,Ali Sánchez,- - -,12,23,2,3,2,0,0,0,0,0,0
1247,493603,Adam Ottavino,NYY,3,0,0,0,0,0,0,0,0,0,0
2036,477132,Clayton Kershaw,LAD,23,0,0,0,0,0,0,0,0,0,0
3096,445276,Kenley Jansen,LAA,62,0,0,0,0,0,0,0,0,0,0
3137,453286,Max Scherzer,TOR,17,0,0,0,0,0,0,0,0,0,0
3237,519008,T.J. McFarland,ATH,27,0,0,0,0,0,0,0,0,0,0
3548,521230,Liam Hendriks,BOS,14,0,0,0,0,0,0,0,0,0,0
4301,458677,Justin Wilson,BOS,61,0,0,0,0,0,0,0,0,0,0
4676,450203,Charlie Morton,- - -,33,0,0,0,0,0,0,0,0,0,0
4806,448179,Rich Hill,KCR,2,0,0,0,0,0,0,0,0,0,0
5448,445926,Jesse Chavez,ATL,4,0,0,0,0,0,0,0,0,0,0
5615,518489,Ryan Brasier,CHC,28,0,0,0,0,0,0,0,0,0,0
6107,623211,Huascar Brazobán,NYM,52,0,0,0,0,0,0,0,0,0,0
6175,544150,Albert Suárez,BAL,5,0,0,0,0,0,0,0,0,0,0
6576,476594,Robert Stock,BOS,2,0,0,0,0,0,0,0,0,0,0
6632,471911,Carlos Carrasco,- - -,11,0,0,0,0,0,0,0,0,0,0
6655,518886,Craig Kimbrel,- - -,14,0,0,0,0,0,0,0,0,0,0
6902,527048,Martín Pérez,CHW,11,0,0,0,0,0,0,0,0,0,0
6984,472610,Luis García,- - -,58,0,0,0,0,0,0,0,0,0,0
7005,519151,Ryan Pressly,CHC,44,0,0,0,0,0,0,0,0,0,0
7048,518585,Fernando Cruz,NYY,49,0,0,0,0,0,0,0,0,0,0
7836,519326,Hunter Strickland,LAA,19,0,0,0,0,0,0,0,0,0,0
8241,502085,David Robertson,PHI,20,0,0,0,0,0,0,0,0,0,0
8700,434378,Justin Verlander,SFG,29,0,0,0,0,0,0,0,0,0,0
8779,489119,Wade Miley,CIN,3,0,0,0,0,0,0,0,0,0,0
9073,489446,Kirby Yates,LAD,50,0,0,0,0,0,0,0,0,0,0
9132,543135,Nathan Eovaldi,TEX,22,0,0,0,0,0,0,0,0,0,0
9174,543391,Casey Kelly,ARI,2,0,0,0,0,0,0,0,0,0,0
9323,571578,Patrick Corbin,TEX,31,0,0,0,0,0,0,0,0,0,0
9803,571945,Miles Mikolas,STL,31,0,0,0,0,0,0,0,0,0,0
10058,554431,Tyler Matzek,NYY,7,0,0,0,0,0,0,0,0,0,0
10061,548384,Brooks Raley,NYM,30,0,0,0,0,0,0,0,0,0,0
10078,573204,Caleb Thielbar,CHC,67,0,0,0,0,0,0,0,0,0,0
10123,502043,Kyle Gibson,BAL,4,0,0,0,0,0,0,0,0,0,0
10197,571946,Shelby Miller,- - -,48,0,0,0,0,0,0,0,0,0,0
10233,547973,Aroldis Chapman,BOS,67,0,0,0,0,0,0,0,0,0,0
10310,554430,Zack Wheeler,PHI,24,0,0,0,0,0,0,0,0,0,0
10314,541640,Erasmo Ramírez,MIN,9,0,0,0,0,0,0,0,0,0,0
10315,543859,Michael Tonkin,MIN,21,0,0,0,0,0,0,0,0,0,0
10591,518397,Scott Alexander,- - -,21,0,0,0,0,0,0,0,0,0,0
10603,519242,Chris Sale,ATL,21,0,0,0,0,0,0,0,0,0,0
10954,594798,Jacob deGrom,TEX,30,0,0,0,0,0,0,0,0,0,0
11121,596271,Casey Lawrence,- - -,6,0,0,0,0,0,0,0,0,0,0
11156,518876,Merrill Kelly,- - -,32,0,0,0,0,0,0,0,0,0,0
11384,592454,Tommy Kahnle,DET,66,0,0,0,0,0,0,0,0,0,0
11423,500779,Jose Quintana,MIL,24,0,0,0,0,0,0,0,0,0,0
11426,519141,Drew Pomeranz,CHC,57,0,0,0,0,0,0,0,0,0,0
11486,592662,Robbie Ray,SFG,32,0,0,0,0,0,0,0,0,0,0
11589,570632,José Ureña,- - -,19,0,0,0,0,0,0,0,0,0,0
11674,592791,Jameson Taillon,CHC,23,0,0,0,0,0,0,0,0,0,0
11752,592426,Luke Jackson,- - -,52,0,0,0,0,0,0,0,0,0,0
11804,593576,Héctor Neris,- - -,35,0,0,0,0,0,0,0,0,0,0
11836,592836,Taijuan Walker,PHI,34,0,0,0,0,0,0,0,0,0,0
11847,455119,Chris Martin,TEX,49,0,0,0,0,0,0,0,0,0,0
11861,592094,Jason Adam,SDP,65,0,0,0,0,0,0,0,0,0,0
12049,543294,Kyle Hendricks,LAA,31,0,0,0,0,0,0,0,0,0,0
12056,543518,Scott McGough,- - -,13,0,0,0,0,0,0,0,0,0,0
12095,554340,Yimi García,TOR,22,0,0,0,0,0,0,0,0,0,0
12304,605135,Chris Bassitt,TOR,32,0,0,0,0,0,0,0,0,0,0
12323,606930,Jacob Barnes,TOR,6,0,0,0,0,0,0,0,0,0,0
12447,607625,Seth Lugo,KCR,26,0,0,0,0,0,0,0,0,0,0
12572,595014,Blake Treinen,LAD,32,0,0,0,0,0,0,0,0,0,0
12718,605288,Adrian Houser,- - -,21,0,0,0,0,0,0,0,0,0,0
12730,607259,Nick Martinez,CIN,40,0,0,0,0,0,0,0,0,0,0
12760,606160,Rafael Montero,- - -,59,0,0,0,0,0,0,0,0,0,0
12763,606965,Chris Devenski,NYM,13,0,0,0,0,0,0,0,0,0,0
12768,543243,Sonny Gray,STL,32,0,0,0,0,0,0,0,0,0,0
12777,605154,John Brebbia,- - -,22,0,0,0,0,0,0,0,0,0,0
12791,547184,Michael Kelly,ATH,42,0,0,0,0,0,0,0,0,0,0
12808,605182,Mike Clevinger,CHW,8,0,0,0,0,0,0,0,0,0,0
12828,552640,Andrew Kittredge,- - -,54,0,0,0,0,0,0,0,0,0,0
12857,542888,Shawn Armstrong,TEX,71,0,0,0,0,0,0,0,0,0,0
12880,542881,Tyler Anderson,LAA,26,0,0,0,0,0,0,0,0,0,0
12972,605452,Joe Ross,PHI,37,0,0,0,0,0,0,0,0,0,0
12988,605177,Andrew Chafin,- - -,42,0,0,0,0,0,0,0,0,0,0
13050,543101,Anthony DeSclafani,ARI,13,0,0,0,0,0,0,0,0,0,0
13074,506433,Yu Darvish,SDP,15,0,0,0,0,0,0,0,0,0,0
13164,593958,Eduardo Rodriguez,ARI,29,0,0,0,0,0,0,0,0,0,0
13190,607179,Jordan Weems,HOU,4,0,0,0,0,0,0,0,0,0,0
13218,605242,Michael Fulmer,- - -,3,0,0,0,0,0,0,0,0,0,0
13287,534910,Jesse Hahn,SEA,3,0,0,0,0,0,0,0,0,0,0
13293,543056,Danny Coulombe,- - -,55,0,0,0,0,0,0,0,0,0,0
13346,571948,Hoby Milner,TEX,73,0,0,0,0,0,0,0,0,0,0
13361,571927,Steven Matz,- - -,53,0,0,0,0,0,0,0,0,0,0
13431,573186,Marcus Stroman,NYY,9,0,0,0,0,0,0,0,0,0,0
13435,572955,Pierce Johnson,ATL,65,0,0,0,0,0,0,0,0,0,0
13449,573124,Taylor Rogers,- - -,57,0,0,0,0,0,0,0,0,0,0
13470,608371,Lucas Sims,WSN,18,0,0,0,0,0,0,0,0,0,0
13528,621199,Matt Bowman,BAL,20,0,0,0,0,0,0,0,0,0,0
13543,605483,Blake Snell,LAD,11,0,0,0,0,0,0,0,0,0,0
13580,595345,Steven Okert,HOU,68,0,0,0,0,0,0,0,0,0,0
13594,596112,Robert Stephenson,LAA,12,0,0,0,0,0,0,0,0,0,0
13607,605218,Carl Edwards Jr.,- - -,4,0,0,0,0,0,0,0,0,0,0
13619,596001,Jakob Junis,CLE,57,0,0,0,0,0,0,0,0,0,0
13649,605280,Clay Holmes,NYM,33,0,0,0,0,0,0,0,0,0,0
13652,605463,Tayler Scott,- - -,24,0,0,0,0,0,0,0,0,0,0
13743,608331,Max Fried,NYY,32,0,0,0,0,0,0,0,0,0,0
13761,608717,Chris Stratton,- - -,15,0,0,0,0,0,0,0,0,0,0
13774,621107,Zach Eflin,BAL,14,0,0,0,0,0,0,0,0,0,0
13799,621381,Matt Strahm,PHI,66,0,0,0,0,0,0,0,0,0,0
13892,623149,Paul Sewald,- - -,22,0,0,0,0,0,0,0,0,0,0
13896,623167,Chris Flexen,CHC,21,0,0,0,0,0,0,0,0,0,0
13932,608650,Dietrich Enns,- - -,24,0,0,0,0,0,0,0,0,0,0
13942,608718,Brent Suter,CIN,48,0,0,0,0,0,0,0,0,0,0
14078,608379,Michael Wacha,KCR,31,0,0,0,0,0,0,0,0,0,0
14107,592332,Kevin Gausman,TOR,32,0,0,0,0,0,0,0,0,0,0
14120,621121,Lance McCullers Jr.,HOU,16,0,0,0,0,0,0,0,0,0,0
14168,621244,José Berríos,TOR,31,0,0,0,0,0,0,0,0,0,0
14212,623352,Josh Hader,HOU,48,0,0,0,0,0,0,0,0,0,0
14295,593974,Wandy Peralta,SDP,71,0,0,0,0,0,0,0,0,0,0
14309,593423,Frankie Montas,NYM,9,0,0,0,0,0,0,0,0,0,0
14332,606303,Joel Payamps,- - -,30,0,0,0,0,0,0,0,0,0,0
14374,607192,Tyler Glasnow,LAD,18,0,0,0,0,0,0,0,0,0,0
14524,600917,José Leclerc,ATH,10,0,0,0,0,0,0,0,0,0,0
14527,605347,Jorge López,WSN,26,0,0,0,0,0,0,0,0,0,0
14542,608032,Carlos Estévez,KCR,67,0,0,0,0,0,0,0,0,0,0
14552,614179,José Ruiz,- - -,18,0,0,0,0,0,0,0,0,0,0
14706,607455,Anthony Banda,LAD,71,0,0,0,0,0,0,0,0,0,0
14710,621242,Edwin Díaz,NYM,62,0,0,0,0,0,0,0,0,0,0
14739,621112,Paul Blackburn,- - -,15,0,0,0,0,0,0,0,0,0,0
14771,641941,Emilio Pagán,CIN,70,0,0,0,0,0,0,0,0,0,0
14843,547179,Michael Lorenzen,KCR,27,0,0,0,0,0,0,0,0,0,0
14857,573009,Joe Mantiply,ARI,10,0,0,0,0,0,0,0,0,0,0
14874,594580,Sam Moll,CIN,23,0,0,0,0,0,0,0,0,0,0
14916,592351,Jon Gray,TEX,6,0,0,0,0,0,0,0,0,0,0
14932,594902,Ben Lively,CLE,9,0,0,0,0,0,0,0,0,0,0
14993,605130,Scott Barlow,CIN,75,0,0,0,0,0,0,0,0,0,0
15009,640448,Kyle Finnegan,- - -,56,0,0,0,0,0,0,0,0,0,0
15038,608566,Germán Márquez,COL,26,0,0,0,0,0,0,0,0,0,0
15042,641835,Tim Mayza,- - -,15,0,0,0,0,0,0,0,0,0,0
15043,642152,Lou Trivino,- - -,47,0,0,0,0,0,0,0,0,0,0
15094,642239,Rob Zastryzny,MIL,26,0,0,0,0,0,0,0,0,0,0
15145,623437,Justin Topa,MIN,54,0,0,0,0,0,0,0,0,0,0
15256,642121,Cole Sulser,TBR,18,0,0,0,0,0,0,0,0,0,0
15369,643361,Kevin Herget,- - -,7,0,0,0,0,0,0,0,0,0,0
15423,571760,Andrew Heaney,- - -,27,0,0,0,0,0,0,0,0,0,0
15440,571510,Matthew Boyd,CHC,31,0,0,0,0,0,0,0,0,0,0
15454,601713,Nick Pivetta,SDP,31,0,0,0,0,0,0,0,0,0,0
15463,592254,José De León,BOS,1,0,0,0,0,0,0,0,0,0,0
15474,608337,Lucas Giolito,BOS,26,0,0,0,0,0,0,0,0,0,0
15488,622608,Antonio Senzatela,COL,30,0,0,0,0,0,0,0,0,0,0
15507,640451,Hunter Harvey,KCR,12,0,0,0,0,0,0,0,0,0,0
15514,608665,Kendall Graveman,ARI,19,0,0,0,0,0,0,0,0,0,0
15541,643511,Tyler Rogers,- - -,81,0,0,0,0,0,0,0,0,0,0
15551,643410,Mark Leiter Jr.,NYY,59,0,0,0,0,0,0,0,0,0,0
15552,643338,Chad Green,TOR,45,0,0,0,0,0,0,0,0,0,0
15684,612434,Miguel Castro,CHW,6,0,0,0,0,0,0,0,0,0,0
15689,622491,Luis Castillo,SEA,32,0,0,0,0,0,0,0,0,0,0
15734,641745,Brad Keller,CHC,68,0,0,0,0,0,0,0,0,0,0
15816,642207,Devin Williams,NYY,67,0,0,0,0,0,0,0,0,0,0
15823,641793,Zack Littell,- - -,32,0,0,0,0,0,0,0,0,0,0
15855,593833,Wander Suero,ATL,5,0,0,0,0,0,0,0,0,0,0
15873,640455,Sean Manaea,NYM,15,0,0,0,0,0,0,0,0,0,0
15890,622663,Luis Severino,ATH,29,0,0,0,0,0,0,0,0,0,0
15947,592773,Ryne Stanek,NYM,65,0,0,0,0,0,0,0,0,0,0
16061,592155,Cam Booser,CHW,39,0,0,0,0,0,0,0,0,0,0
16074,595897,Nick Burdi,BOS,4,0,0,0,0,0,0,0,0,0,0
16094,605507,Zach Thompson,ATL,2,0,0,0,0,0,0,0,0,0,0
16122,605447,Jordan Romano,PHI,49,0,0,0,0,0,0,0,0,0,0
16128,595928,John Curtiss,ARI,30,0,0,0,0,0,0,0,0,0,0
16137,607074,Carlos Rodón,NYY,33,0,0,0,0,0,0,0,0,0,0
16149,605400,Aaron Nola,PHI,17,0,0,0,0,0,0,0,0,0,0
16162,605540,Brandon Woodruff,MIL,12,0,0,0,0,0,0,0,0,0,0
16207,605513,Spencer Turnbull,TOR,3,0,0,0,0,0,0,0,0,0,0
16256,607536,Kyle Freeland,COL,31,0,0,0,0,0,0,0,0,0,0
16258,607481,Aaron Bummer,ATL,42,0,0,0,0,0,0,0,0,0,0
16300,622786,Jesus Tinoco,MIA,20,0,0,0,0,0,0,0,0,0,0
16350,621366,Ryan Borucki,- - -,39,0,0,0,0,0,0,0,0,0,0
16358,641816,Tyler Mahle,TEX,16,0,0,0,0,0,0,0,0,0,0
16400,625643,Reynaldo López,ATL,1,0,0,0,0,0,0,0,0,0,0
16427,656240,Scott Blewett,- - -,26,0,0,0,0,0,0,0,0,0,0
16502,642232,Ryan Yarbrough,NYY,19,0,0,0,0,0,0,0,0,0,0
16507,656186,Dan Altavilla,CHW,28,0,0,0,0,0,0,0,0,0,0
16561,596295,Austin Gomber,COL,12,0,0,0,0,0,0,0,0,0,0
16587,657024,Erik Swanson,TOR,6,0,0,0,0,0,0,0,0,0,0
16609,650556,Bryan Abreu,HOU,70,0,0,0,0,0,0,0,0,0,0
16610,656420,J.P. Feyereisen,- - -,4,0,0,0,0,0,0,0,0,0,0
16631,656257,Jeff Brigham,ARI,4,0,0,0,0,0,0,0,0,0,0
16647,657044,Ryan Thompson,ARI,48,0,0,0,0,0,0,0,0,0,0
16703,657240,Julian Merryweather,CHC,21,0,0,0,0,0,0,0,0,0,0
16727,592779,Brock Stewart,- - -,43,0,0,0,0,0,0,0,0,0,0
16814,657612,Tim Hill,NYY,70,0,0,0,0,0,0,0,0,0,0
16835,657514,Brennan Bernardino,BOS,55,0,0,0,0,0,0,0,0,0,0
16866,657585,Reed Garrett,NYM,58,0,0,0,0,0,0,0,0,0,0
16918,596133,Luke Weaver,NYY,64,0,0,0,0,0,0,0,0,0,0
16929,657053,Touki Toussaint,LAA,1,0,0,0,0,0,0,0,0,0,0
16943,656794,Sean Newcomb,- - -,48,0,0,0,0,0,0,0,0,0,0
16944,656550,Grant Holmes,ATL,22,0,0,0,0,0,0,0,0,0,0
16977,592866,Trevor Williams,WSN,17,0,0,0,0,0,0,0,0,0,0
16990,621383,Tanner Banks,PHI,69,0,0,0,0,0,0,0,0,0,0
17085,641154,Pablo López,MIN,14,0,0,0,0,0,0,0,0,0,0
17130,628452,Raisel Iglesias,ATL,70,0,0,0,0,0,0,0,0,0,0
17169,620454,José Castillo,- - -,29,0,0,0,0,0,0,0,0,0,0
17170,642100,Gabe Speier,SEA,76,0,0,0,0,0,0,0,0,0,0
17192,656222,Jalen Beeks,ARI,61,0,0,0,0,0,0,0,0,0,0
17277,624133,Ranger Suarez,PHI,26,0,0,0,0,0,0,0,0,0,0
17282,656629,Michael Kopech,LAD,14,0,0,0,0,0,0,0,0,0,0
17295,664285,Framber Valdez,HOU,31,0,0,0,0,0,0,0,0,0,0
17312,657006,Justin Steele,CHC,4,0,0,0,0,0,0,0,0,0,0
17381,657424,Matt Gage,- - -,33,0,0,0,0,0,0,0,0,0,0
17425,607200,Erick Fedde,- - -,32,0,0,0,0,0,0,0,0,0,0
17432,656546,Jeff Hoffman,TOR,71,0,0,0,0,0,0,0,0,0,0
17479,656427,Jack Flaherty,DET,31,0,0,0,0,0,0,0,0,0,0
17490,650893,Génesis Cabrera,- - -,40,0,0,0,0,0,0,0,0,0,0
17536,621114,Ryan Burr,TOR,2,0,0,0,0,0,0,0,0,0,0
17556,623474,Jimmy Herget,COL,59,0,0,0,0,0,0,0,0,0,0
17578,664141,JT Brubaker,- - -,17,0,0,0,0,0,0,0,0,0,0
17586,656945,Tanner Scott,LAD,61,0,0,0,0,0,0,0,0,0,0
17594,656605,Mitch Keller,PIT,32,0,0,0,0,0,0,0,0,0,0
17606,664299,Cristian Javier,HOU,8,0,0,0,0,0,0,0,0,0,0
17610,663432,Tanner Rainey,- - -,13,0,0,0,0,0,0,0,0,0,0
17611,664199,Taylor Clarke,KCR,51,0,0,0,0,0,0,0,0,0,0
17639,664875,Justin Lawrence,PIT,17,0,0,0,0,0,0,0,0,0,0
17677,605488,Jeffrey Springs,ATH,32,0,0,0,0,0,0,0,0,0,0
17722,656730,Trevor Megill,MIL,50,0,0,0,0,0,0,0,0,0,0
17732,622503,Nabil Crismatt,ARI,8,0,0,0,0,0,0,0,0,0,0
17734,623465,Evan Phillips,LAD,7,0,0,0,0,0,0,0,0,0,0
17759,622780,Angel Perdomo,ATH,4,0,0,0,0,0,0,0,0,0,0
17780,621237,José Alvarado,PHI,28,0,0,0,0,0,0,0,0,0,0
17796,622253,Dillon Tate,TOR,6,0,0,0,0,0,0,0,0,0,0
17871,664139,Ian Gibaut,CIN,25,0,0,0,0,0,0,0,0,0,0
17874,641482,Nestor Cortes,- - -,8,0,0,0,0,0,0,0,0,0,0
17878,642701,Dennis Santana,PIT,70,0,0,0,0,0,0,0,0,0,0
17888,642048,Tayler Saucedo,SEA,10,0,0,0,0,0,0,0,0,0,0
17897,664076,Garrett Cleavinger,TBR,67,0,0,0,0,0,0,0,0,0,0
17948,663423,Trent Thornton,SEA,33,0,0,0,0,0,0,0,0,0,0
17964,656457,Tyler Gilbert,CHW,46,0,0,0,0,0,0,0,0,0,0
17968,656271,Brock Burke,LAA,69,0,0,0,0,0,0,0,0,0,0
17995,657277,Logan Webb,SFG,34,0,0,0,0,0,0,0,0,0,0
17998,664126,Pete Fairbanks,TBR,61,0,0,0,0,0,0,0,0,0,0
18000,663474,Triston McKenzie,CLE,4,0,0,0,0,0,0,0,0,0,0
18064,664208,Phil Maton,- - -,63,0,0,0,0,0,0,0,0,0,0
18138,664854,Ryan Helsley,- - -,58,0,0,0,0,0,0,0,0,0,0
18152,664948,Anthony Misiewicz,MIN,5,0,0,0,0,0,0,0,0,0,0
18297,641755,Tyler Kinley,- - -,73,0,0,0,0,0,0,0,0,0,0
18311,608334,Carson Fulmer,LAA,13,0,0,0,0,0,0,0,0,0,0
18337,623433,Nick Anderson,COL,12,0,0,0,0,0,0,0,0,0,0
18341,642759,Julian Fernández,- - -,4,0,0,0,0,0,0,0,0,0,0
18347,663399,Brandon Waddell,NYM,11,0,0,0,0,0,0,0,0,0,0
18383,647336,Michael Soroka,- - -,22,0,0,0,0,0,0,0,0,0,0
18384,664123,Scott Effross,NYY,11,0,0,0,0,0,0,0,0,0,0
18403,660853,Enyel De Los Santos,- - -,65,0,0,0,0,0,0,0,0,0,0
18413,664353,José Urquidy,DET,2,0,0,0,0,0,0,0,0,0,0
18439,664849,Danny Young,NYM,10,0,0,0,0,0,0,0,0,0,0
18498,628317,Kenta Maeda,DET,7,0,0,0,0,0,0,0,0,0,0
18525,656302,Dylan Cease,SDP,32,0,0,0,0,0,0,0,0,0,0
18655,621345,A.J. Minter,NYM,13,0,0,0,0,0,0,0,0,0,0
18674,663765,Jake Woodford,ARI,22,0,0,0,0,0,0,0,0,0,0
18679,642547,Freddy Peralta,MIL,33,0,0,0,0,0,0,0,0,0,0
18684,645261,Sandy Alcantara,MIA,31,0,0,0,0,0,0,0,0,0,0
18694,663465,Kolby Allard,CLE,33,0,0,0,0,0,0,0,0,0,0
18769,547001,Cody Poteet,BAL,1,0,0,0,0,0,0,0,0,0,0
19178,667297,Tommy Nance,TOR,30,0,0,0,0,0,0,0,0,0,0
19200,650671,José Quijada,LAA,2,0,0,0,0,0,0,0,0,0,0
19205,669947,Jesse Scholtens,TBR,2,0,0,0,0,0,0,0,0,0,0
19222,669199,Lake Bachar,MIA,53,0,0,0,0,0,0,0,0,0,0
19249,622554,Seranthony Domínguez,- - -,67,0,0,0,0,0,0,0,0,0,0
19261,641656,Ian Hamilton,NYY,36,0,0,0,0,0,0,0,0,0,0
19264,641672,Thomas Hatch,- - -,12,0,0,0,0,0,0,0,0,0,0
19274,657097,Jacob Webb,TEX,55,0,0,0,0,0,0,0,0,0,0
19281,663321,Nick Hernandez,HOU,10,0,0,0,0,0,0,0,0,0,0
19291,668678,Zac Gallen,ARI,33,0,0,0,0,0,0,0,0,0,0
19309,670950,Trevor Richards,- - -,5,0,0,0,0,0,0,0,0,0,0
19312,615698,Cal Quantrill,- - -,26,0,0,0,0,0,0,0,0,0,0
19315,640454,Matt Krook,ATH,3,0,0,0,0,0,0,0,0,0,0
19316,641778,Eric Lauer,TOR,28,0,0,0,0,0,0,0,0,0,0
19320,664192,Joey Lucchesi,SFG,38,0,0,0,0,0,0,0,0,0,0
19330,670036,Matt Festa,CLE,63,0,0,0,0,0,0,0,0,0,0
19337,663992,Richard Lovelady,- - -,10,0,0,0,0,0,0,0,0,0,0
19343,640462,A.J. Puk,ARI,8,0,0,0,0,0,0,0,0,0,0
19349,657571,Caleb Ferguson,- - -,70,0,0,0,0,0,0,0,0,0,0
19350,665152,Dean Kremer,BAL,31,0,0,0,0,0,0,0,0,0,0
19360,668674,Lucas Erceg,KCR,61,0,0,0,0,0,0,0,0,0,0
19361,669203,Corbin Burnes,ARI,11,0,0,0,0,0,0,0,0,0,0
19362,669211,Keegan Akin,BAL,64,0,0,0,0,0,0,0,0,0,0
19374,621111,Walker Buehler,- - -,26,0,0,0,0,0,0,0,0,0,0
19388,664062,Tony Gonsolin,LAD,7,0,0,0,0,0,0,0,0,0,0
19403,621363,Colin Poche,- - -,14,0,0,0,0,0,0,0,0,0,0
19407,669854,Ronel Blanco,HOU,9,0,0,0,0,0,0,0,0,0,0
19409,641540,Dane Dunning,- - -,12,0,0,0,0,0,0,0,0,0,0
19427,669456,Shane Bieber,TOR,7,0,0,0,0,0,0,0,0,0,0
19444,670990,Yohan Ramírez,PIT,24,0,0,0,0,0,0,0,0,0,0
19453,641312,Shaun Anderson,LAA,7,0,0,0,0,0,0,0,0,0,0
19459,660896,Jorge Alcala,- - -,56,0,0,0,0,0,0,0,0,0,0
19479,650644,Aaron Civale,- - -,23,0,0,0,0,0,0,0,0,0,0
19481,621053,Tyler Ferguson,ATH,56,0,0,0,0,0,0,0,0,0,0
19524,660604,Alan Rangel,PHI,5,0,0,0,0,0,0,0,0,0,0
19558,664129,Geoff Hartlieb,- - -,4,0,0,0,0,0,0,0,0,0,0
19569,670280,David Bednar,- - -,64,0,0,0,0,0,0,0,0,0,0
19574,668941,JoJo Romero,STL,65,0,0,0,0,0,0,0,0,0,0
19586,666215,Forrest Whitley,- - -,10,0,0,0,0,0,0,0,0,0,0
19614,672335,Cionel Pérez,BAL,19,0,0,0,0,0,0,0,0,0,0
19618,663855,Jordan Hicks,- - -,34,0,0,0,0,0,0,0,0,0,0
19646,606996,Kyle Hart,SDP,20,0,0,0,0,0,0,0,0,0,0
19666,669920,Jason Alexander,- - -,18,0,0,0,0,0,0,0,0,0,0
19677,642397,Gregory Soto,- - -,70,0,0,0,0,0,0,0,0,0,0
19695,657756,Connor Seabold,- - -,7,0,0,0,0,0,0,0,0,0,0
19716,669160,Dustin May,- - -,25,0,0,0,0,0,0,0,0,0,0
19736,676961,Caleb Boushley,TEX,25,0,0,0,0,0,0,0,0,0,0
19742,669622,Anthony Bender,MIA,51,0,0,0,0,0,0,0,0,0,0
19753,642528,Jonathan Loáisiga,NYY,30,0,0,0,0,0,0,0,0,0,0
19754,665665,Reiver Sanmartin,CIN,1,0,0,0,0,0,0,0,0,0,0
19769,676684,Will Vest,DET,64,0,0,0,0,0,0,0,0,0,0
19784,621057,Justin Garza,NYM,5,0,0,0,0,0,0,0,0,0,0
19804,641329,Bryan Baker,- - -,73,0,0,0,0,0,0,0,0,0,0
19835,642520,Gerson Garabito,TEX,3,0,0,0,0,0,0,0,0,0,0
19853,650633,Michael King,SDP,15,0,0,0,0,0,0,0,0,0,0
19867,656288,Griffin Canning,NYM,16,0,0,0,0,0,0,0,0,0,0
19876,656464,Kevin Ginkel,ARI,29,0,0,0,0,0,0,0,0,0,0
19879,656557,Tanner Houck,BOS,9,0,0,0,0,0,0,0,0,0,0
19883,656638,Alex Lange,DET,1,0,0,0,0,0,0,0,0,0,0
19884,656686,Corbin Martin,BAL,17,0,0,0,0,0,0,0,0,0,0
19899,657376,Clarke Schmidt,NYY,14,0,0,0,0,0,0,0,0,0,0
19911,660761,José Suarez,ATL,7,0,0,0,0,0,0,0,0,0,0
19924,663542,Bryan Hudson,- - -,16,0,0,0,0,0,0,0,0,0,0
19926,663574,Tony Santillan,CIN,80,0,0,0,0,0,0,0,0,0,0
19951,666120,Ian Anderson,LAA,7,0,0,0,0,0,0,0,0,0,0
19959,666200,Jesús Luzardo,PHI,32,0,0,0,0,0,0,0,0,0,0
19962,666214,Joey Wentz,- - -,39,0,0,0,0,0,0,0,0,0,0
19990,669060,Bryse Wilson,CHW,20,0,0,0,0,0,0,0,0,0,0
19996,669276,Dylan Lee,ATL,74,0,0,0,0,0,0,0,0,0,0
20000,669330,Tyler Wells,BAL,4,0,0,0,0,0,0,0,0,0,0
20020,670167,John Schreiber,KCR,74,0,0,0,0,0,0,0,0,0,0
20023,670329,Rico Garcia,- - -,29,0,0,0,0,0,0,0,0,0,0
20038,670766,Darren McCaughan,MIN,3,0,0,0,0,0,0,0,0,0,0
20039,670970,Adrian Morejon,SDP,75,0,0,0,0,0,0,0,0,0,0
20045,674944,Sean Guenther,DET,9,0,0,0,0,0,0,0,0,0,0
20061,672391,Kaleb Ort,HOU,49,0,0,0,0,0,0,0,0,0,0
20070,663559,Bailey Falter,- - -,26,0,0,0,0,0,0,0,0,0,0
20099,663978,Chris Paddack,- - -,33,0,0,0,0,0,0,0,0,0,0
20116,676534,Calvin Faucher,MIA,65,0,0,0,0,0,0,0,0,0,0
20160,663878,Nate Pearson,CHC,11,0,0,0,0,0,0,0,0,0,0
20185,647315,Zach Pop,- - -,5,0,0,0,0,0,0,0,0,0,0
20191,676477,Garrett Whitlock,BOS,62,0,0,0,0,0,0,0,0,0,0
20198,641386,Ben Bowden,ATH,11,0,0,0,0,0,0,0,0,0,0
20203,669212,Eli Morgan,CHC,7,0,0,0,0,0,0,0,0,0,0
20253,643377,Griffin Jax,- - -,73,0,0,0,0,0,0,0,0,0,0
20271,678226,Daysbel Hernández,ATL,39,0,0,0,0,0,0,0,0,0,0
20298,646242,Jhonathan Díaz,SEA,1,0,0,0,0,0,0,0,0,0,0
20302,656849,David Peterson,NYM,30,0,0,0,0,0,0,0,0,0,0
20333,675919,Nick Raquet,STL,2,0,0,0,0,0,0,0,0,0,0
20348,676617,Riley O'Brien,STL,42,0,0,0,0,0,0,0,0,0,0
20349,677161,Zack Kelly,BOS,28,0,0,0,0,0,0,0,0,0,0
20353,621051,Steven Wilson,CHW,59,0,0,0,0,0,0,0,0,0,0
20370,669145,Bruce Zimmermann,MIL,1,0,0,0,0,0,0,0,0,0,0
20373,662253,Andrés Muñoz,SEA,64,0,0,0,0,0,0,0,0,0,0
20375,669711,Greg Weissert,BOS,72,0,0,0,0,0,0,0,0,0,0
20379,676604,Tyler Zuber,- - -,10,0,0,0,0,0,0,0,0,0,0
20385,676755,Isaac Mattson,PIT,44,0,0,0,0,0,0,0,0,0,0
20422,663558,Jovani Morán,BOS,2,0,0,0,0,0,0,0,0,0,0
20423,676254,Ryan Walker,SFG,68,0,0,0,0,0,0,0,0,0,0
20492,663554,Casey Mize,DET,28,0,0,0,0,0,0,0,0,0,0
20515,669459,Kyle Nelson,ARI,3,0,0,0,0,0,0,0,0,0,0
20517,680704,Nick Sandlin,TOR,19,0,0,0,0,0,0,0,0,0,0
20539,670955,Edwin Uceta,TBR,70,0,0,0,0,0,0,0,0,0,0
20546,681982,Grant Anderson,MIL,66,0,0,0,0,0,0,0,0,0,0
20548,670102,Bowden Francis,TOR,14,0,0,0,0,0,0,0,0,0,0
20629,663969,Tyler Phillips,MIA,54,0,0,0,0,0,0,0,0,0,0
20633,579328,Yusei Kikuchi,LAA,33,0,0,0,0,0,0,0,0,0,0
20638,622379,Luis F. Castillo,SEA,2,0,0,0,0,0,0,0,0,0,0
20666,642585,Félix Bautista,BAL,35,0,0,0,0,0,0,0,0,0,0
20778,650911,Cristopher Sánchez,PHI,32,0,0,0,0,0,0,0,0,0,0
20794,655889,Manuel Rodríguez,TBR,31,0,0,0,0,0,0,0,0,0,0
20827,656848,Michael Petersen,- - -,15,0,0,0,0,0,0,0,0,0,0
20962,660730,Elvin Rodríguez,- - -,7,0,0,0,0,0,0,0,0,0,0
20997,660825,Eduard Bazardo,SEA,73,0,0,0,0,0,0,0,0,0,0
21029,661395,Jhoan Duran,- - -,72,0,0,0,0,0,0,0,0,0,0
21032,661403,Emmanuel Clase,CLE,48,0,0,0,0,0,0,0,0,0,0
21045,661527,Seth Martinez,MIA,6,0,0,0,0,0,0,0,0,0,0
21052,661563,Luis Gil,NYY,11,0,0,0,0,0,0,0,0,0,0
21101,664294,Dauri Moreta,PIT,18,0,0,0,0,0,0,0,0,0,0
21131,664744,Jose Espada,BAL,1,0,0,0,0,0,0,0,0,0,0
21132,664747,Alexis Díaz,- - -,18,0,0,0,0,0,0,0,0,0,0
21189,621139,Brooks Kriske,- - -,16,0,0,0,0,0,0,0,0,0,0
21205,641401,Connor Brogdon,LAA,43,0,0,0,0,0,0,0,0,0,0
21212,641585,J.P. France,HOU,2,0,0,0,0,0,0,0,0,0,0
21224,641927,Bailey Ober,MIN,27,0,0,0,0,0,0,0,0,0,0
21229,642016,Daniel Robert,PHI,15,0,0,0,0,0,0,0,0,0,0
21238,642216,Allan Winans,NYY,3,0,0,0,0,0,0,0,0,0,0
21267,656234,Jake Bird,- - -,48,0,0,0,0,0,0,0,0,0,0
21290,656458,Lucas Gilbreath,COL,1,0,0,0,0,0,0,0,0,0,0
21306,656641,Jacob Latz,TEX,33,0,0,0,0,0,0,0,0,0,0
21318,656731,Tylor Megill,NYM,14,0,0,0,0,0,0,0,0,0,0
21345,656986,Bennett Sousa,HOU,44,0,0,0,0,0,0,0,0,0,0
21390,657746,Joe Ryan,MIN,31,0,0,0,0,0,0,0,0,0,0
21420,660787,Yerry De los Santos,NYY,25,0,0,0,0,0,0,0,0,0,0
21446,663372,Ryan Feltner,COL,6,0,0,0,0,0,0,0,0,0,0
21448,663436,Davis Martin,CHW,26,0,0,0,0,0,0,0,0,0,0
21453,663455,Konnor Pilkington,WSN,32,0,0,0,0,0,0,0,0,0,0
21455,663460,Kris Bubic,KCR,20,0,0,0,0,0,0,0,0,0,0
21461,663485,Cole Sands,MIN,69,0,0,0,0,0,0,0,0,0,0
21481,663546,Sean Hjelle,SFG,12,0,0,0,0,0,0,0,0,0,0
21487,663568,Stephen Kolek,- - -,19,0,0,0,0,0,0,0,0,0,0
21504,663623,Jake Irvin,WSN,33,0,0,0,0,0,0,0,0,0,0
21520,663687,Hogan Harris,ATH,48,0,0,0,0,0,0,0,0,0,0
21537,663738,Daniel Lynch IV,KCR,57,0,0,0,0,0,0,0,0,0,0
21544,663767,Chase Shugart,PIT,35,0,0,0,0,0,0,0,0,0,0
21546,663795,Justin Hagenman,NYM,9,0,0,0,0,0,0,0,0,0,0
21549,663804,Jackson Kowar,SEA,15,0,0,0,0,0,0,0,0,0,0
21574,663893,Brendon Little,TOR,79,0,0,0,0,0,0,0,0,0,0
21584,663941,Tristan Beck,SFG,31,0,0,0,0,0,0,0,0,0,0
21623,664991,Grant Wolfram,BAL,21,0,0,0,0,0,0,0,0,0,0
21652,665625,Elvis Peguero,- - -,8,0,0,0,0,0,0,0,0,0,0
21662,665660,Elvis Alvarado,ATH,37,0,0,0,0,0,0,0,0,0,0
21690,665795,Edward Cabrera,MIA,26,0,0,0,0,0,0,0,0,0,0
21741,665871,Javier Assad,CHC,8,0,0,0,0,0,0,0,0,0,0
21846,666142,Cole Ragans,KCR,13,0,0,0,0,0,0,0,0,0,0
21850,666168,Mason Thompson,WSN,14,0,0,0,0,0,0,0,0,0,0
21863,666277,George Soriano,MIA,24,0,0,0,0,0,0,0,0,0,0
21894,666619,Gregory Santos,SEA,8,0,0,0,0,0,0,0,0,0,0
21922,666659,Sauryn Lao,- - -,8,0,0,0,0,0,0,0,0,0,0
21924,666661,Juan Morillo,ARI,42,0,0,0,0,0,0,0,0,0,0
21951,666711,Joel Peguero,SFG,17,0,0,0,0,0,0,0,0,0,0
21992,666808,Camilo Doval,- - -,69,0,0,0,0,0,0,0,0,0,0
22051,667463,John King,STL,51,0,0,0,0,0,0,0,0,0,0
22100,667755,José Soriano,LAA,31,0,0,0,0,0,0,0,0,0,0
22113,668390,Cole Winn,TEX,33,0,0,0,0,0,0,0,0,0,0
22175,668820,Max Kranick,NYM,24,0,0,0,0,0,0,0,0,0,0
22176,668834,Easton McGee,MIL,9,0,0,0,0,0,0,0,0,0,0
22182,668881,Hunter Greene,CIN,19,0,0,0,0,0,0,0,0,0,0
22191,668964,Tobias Myers,MIL,22,0,0,0,0,0,0,0,0,0,0
22200,669020,Ryan Rolison,COL,31,0,0,0,0,0,0,0,0,0,0
22201,669022,MacKenzie Gore,WSN,30,0,0,0,0,0,0,0,0,0,0
22207,669084,DL Hall,MIL,20,0,0,0,0,0,0,0,0,0,0
22210,669093,Jeremiah Estrada,SDP,77,0,0,0,0,0,0,0,0,0,0
22250,669302,Logan Gilbert,SEA,25,0,0,0,0,0,0,0,0,0,0
22253,669308,Sean Reynolds,SDP,19,0,0,0,0,0,0,0,0,0,0
22264,669358,Shane Baz,TBR,31,0,0,0,0,0,0,0,0,0,0
22267,669373,Tarik Skubal,DET,31,0,0,0,0,0,0,0,0,0,0
22273,669391,Owen White,CHW,3,0,0,0,0,0,0,0,0,0,0
22284,669422,Matt Sauer,LAD,10,0,0,0,0,0,0,0,0,0,0
22288,669438,Mason Englert,TBR,30,0,0,0,0,0,0,0,0,0,0
22294,669461,Matthew Liberatore,STL,29,0,0,0,0,0,0,0,0,0,0
22304,669724,Brenan Hanifee,DET,54,0,0,0,0,0,0,0,0,0,0
22361,670059,Colin Holderman,PIT,24,0,0,0,0,0,0,0,0,0,0
22387,670174,Josh Winckowski,BOS,6,0,0,0,0,0,0,0,0,0,0
22461,670810,Logan Gillaspie,SDP,3,0,0,0,0,0,0,0,0,0,0
22487,670912,Johan Oviedo,PIT,9,0,0,0,0,0,0,0,0,0,0
22533,671305,Michel Otañez,ATH,6,0,0,0,0,0,0,0,0,0,0
22543,671737,Taj Bradley,- - -,27,0,0,0,0,0,0,0,0,0,0
22630,672456,Keider Montero,DET,20,0,0,0,0,0,0,0,0,0,0
22713,672578,Carlos Hernández,- - -,41,0,0,0,0,0,0,0,0,0,0
22717,672582,Angel Zerpa,KCR,69,0,0,0,0,0,0,0,0,0,0
22810,672710,Roansy Contreras,- - -,5,0,0,0,0,0,0,0,0,0,0
22872,672782,Yoendrys Gómez,- - -,21,0,0,0,0,0,0,0,0,0,0
22915,672841,Carlos Vargas,SEA,70,0,0,0,0,0,0,0,0,0,0
23055,673380,Dedniel Núñez,NYM,10,0,0,0,0,0,0,0,0,0,0
23091,673820,Robinson Piña,- - -,2,0,0,0,0,0,0,0,0,0,0
23135,674285,Eduardo Salazar,WSN,30,0,0,0,0,0,0,0,0,0,0
23150,674370,Osvaldo Bido,ATH,26,0,0,0,0,0,0,0,0,0,0
23162,674384,Eduarniel Núñez,- - -,10,0,0,0,0,0,0,0,0,0,0
23165,674444,Steven Cruz,KCR,47,0,0,0,0,0,0,0,0,0,0
23223,675650,Michael Mercado,PHI,3,0,0,0,0,0,0,0,0,0,0
23237,675848,Juan Mejia,COL,55,0,0,0,0,0,0,0,0,0,0
23265,675989,Cody Bolton,CLE,1,0,0,0,0,0,0,0,0,0,0
23293,676051,Codi Heuer,- - -,3,0,0,0,0,0,0,0,0,0,0
23301,676083,Janson Junk,MIA,21,0,0,0,0,0,0,0,0,0,0
23307,676092,Collin Snider,SEA,24,0,0,0,0,0,0,0,0,0,0
23313,676130,José Buttó,- - -,55,0,0,0,0,0,0,0,0,0,0
23324,676206,Freddy Tarnok,MIA,5,0,0,0,0,0,0,0,0,0,0
23335,676282,Joey Cantillo,CLE,34,0,0,0,0,0,0,0,0,0,0
23363,676395,Robert Garcia,TEX,71,0,0,0,0,0,0,0,0,0,0
23381,676510,Nolan Hoffman,PHI,1,0,0,0,0,0,0,0,0,0,0
23394,676571,PJ Poulin,WSN,28,0,0,0,0,0,0,0,0,0,0
23426,676661,Max Lazar,PHI,36,0,0,0,0,0,0,0,0,0,0
23429,676664,JP Sears,- - -,27,0,0,0,0,0,0,0,0,0,0
23443,676680,Tom Cosgrove,CHC,2,0,0,0,0,0,0,0,0,0,0
23455,676702,Hunter Stratton,- - -,15,0,0,0,0,0,0,0,0,0,0
23479,676742,Cam Sanders,PIT,6,0,0,0,0,0,0,0,0,0,0
23488,676760,Ron Marinaccio,SDP,7,0,0,0,0,0,0,0,0,0,0
23499,676775,Keaton Winn,SFG,7,0,0,0,0,0,0,0,0,0,0
23550,676879,Aaron Ashby,MIL,43,0,0,0,0,0,0,0,0,0,0
23590,676962,Ben Brown,CHC,25,0,0,0,0,0,0,0,0,0,0
23592,676969,Brett de Geus,PHI,1,0,0,0,0,0,0,0,0,0,0
23617,677020,Josh Walker,TOR,3,0,0,0,0,0,0,0,0,0,0
23735,677651,Luis Garcia,HOU,2,0,0,0,0,0,0,0,0,0,0
23779,677865,Justin Bruihl,TOR,15,0,0,0,0,0,0,0,0,0,0
23793,677952,Braxton Ashcraft,PIT,26,0,0,0,0,0,0,0,0,0,0
23796,677960,Ryan Weathers,MIA,8,0,0,0,0,0,0,0,0,0,0
23798,677976,Randy Dobnak,MIN,1,0,0,0,0,0,0,0,0,0,0
23811,678215,Luarbert Arias,MIA,7,0,0,0,0,0,0,0,0,0,0
23875,678316,Omar Cruz,SDP,2,0,0,0,0,0,0,0,0,0,0
23899,678368,Valente Bellozo,MIA,32,0,0,0,0,0,0,0,0,0,0
23920,678394,Brayan Bello,BOS,29,0,0,0,0,0,0,0,0,0,0
23974,678495,Randy Rodríguez,SFG,50,0,0,0,0,0,0,0,0,0,0
24017,678606,Jose A. Ferrer,WSN,72,0,0,0,0,0,0,0,0,0,0
24094,678692,Ronny Henriquez,MIA,69,0,0,0,0,0,0,0,0,0,0
24203,678821,Luis Peralta,COL,22,0,0,0,0,0,0,0,0,0,0
24282,678906,Kai-Wei Teng,SFG,8,0,0,0,0,0,0,0,0,0,0
24452,679883,Luinder Avila,KCR,13,0,0,0,0,0,0,0,0,0,0
24453,679885,Justin Martinez,ARI,17,0,0,0,0,0,0,0,0,0,0
24458,679922,Carlos Duran,ATH,1,0,0,0,0,0,0,0,0,0,0
24494,680573,Simeon Woods Richardson,MIN,23,0,0,0,0,0,0,0,0,0,0
24581,680689,Lyon Richardson,CIN,34,0,0,0,0,0,0,0,0,0,0
24586,680694,Kyle Bradish,BAL,6,0,0,0,0,0,0,0,0,0,0
24590,680701,John Rooney,HOU,1,0,0,0,0,0,0,0,0,0,0
24591,680702,Joey Gerber,TBR,2,0,0,0,0,0,0,0,0,0,0
24604,680735,Austin Cox,ATL,13,0,0,0,0,0,0,0,0,0,0
24607,680742,Jonathan Bowlan,KCR,34,0,0,0,0,0,0,0,0,0,0
24609,680755,Braydon Fisher,TOR,52,0,0,0,0,0,0,0,0,0,0
24614,680767,Victor Vodnik,COL,52,0,0,0,0,0,0,0,0,0,0
24710,681168,Luis Curvelo,TEX,17,0,0,0,0,0,0,0,0,0,0
24719,681190,Randy Vásquez,SDP,28,0,0,0,0,0,0,0,0,0,0
24728,681347,Mike Burrows,PIT,23,0,0,0,0,0,0,0,0,0,0
24763,681517,Kyle Leahy,STL,62,0,0,0,0,0,0,0,0,0,0
24862,681676,Ryan Fernandez,STL,32,0,0,0,0,0,0,0,0,0,0
24914,681751,Lazaro Estrada,TOR,2,0,0,0,0,0,0,0,0,0,0
24930,681799,Ethan Roberts,CHC,10,0,0,0,0,0,0,0,0,0,0
24937,681810,Austin Warren,NYM,5,0,0,0,0,0,0,0,0,0,0
24968,681857,Reese Olson,DET,13,0,0,0,0,0,0,0,0,0,0
24975,681867,Cooper Criswell,BOS,7,0,0,0,0,0,0,0,0,0,0
24977,681869,Shawn Dubin,- - -,30,0,0,0,0,0,0,0,0,0,0
24978,681870,Erik Sabrowski,CLE,33,0,0,0,0,0,0,0,0,0,0
24986,681882,Colin Selby,BAL,11,0,0,0,0,0,0,0,0,0,0
24993,681892,Kody Funderburk,MIN,39,0,0,0,0,0,0,0,0,0,0
24995,681895,Evan Sisk,- - -,19,0,0,0,0,0,0,0,0,0,0
25007,681911,Alex Vesia,LAD,68,0,0,0,0,0,0,0,0,0,0
25098,682052,Jacob Lopez,ATH,21,0,0,0,0,0,0,0,0,0,0
25139,682120,Tim Herrin,CLE,54,0,0,0,0,0,0,0,0,0,0
25158,682144,Jayvien Sandridge,NYY,1,0,0,0,0,0,0,0,0,0,0
25174,682171,Penn Murfee,CHW,15,0,0,0,0,0,0,0,0,0,0
25215,682274,Yaramil Hiraldo,BAL,18,0,0,0,0,0,0,0,0,0,0
25311,682610,Roddery Muñoz,STL,9,0,0,0,0,0,0,0,0,0,0
25327,682842,Abner Uribe,MIL,75,0,0,0,0,0,0,0,0,0,0
25376,683232,Nick Mears,MIL,63,0,0,0,0,0,0,0,0,0,0
25377,663903,Brady Singer,CIN,32,0,0,0,0,0,0,0,0,0,0
25379,669674,Sam Long,KCR,39,0,0,0,0,0,0,0,0,0,0
25385,656876,Drew Rasmussen,TBR,31,0,0,0,0,0,0,0,0,0,0
25420,666171,Ryan Zeferjahn,LAA,62,0,0,0,0,0,0,0,0,0,0
25427,668970,Gavin Hollowell,CHC,7,0,0,0,0,0,0,0,0,0,0
25436,669923,George Kirby,SEA,23,0,0,0,0,0,0,0,0,0,0
25474,686249,Nathan Wiles,ATL,1,0,0,0,0,0,0,0,0,0,0
25481,686747,Joe La Sorsa,CIN,5,0,0,0,0,0,0,0,0,0,0
25501,687606,Paxton Schultz,TOR,13,0,0,0,0,0,0,0,0,0,0
25550,663362,Matt Waldron,SDP,1,0,0,0,0,0,0,0,0,0,0
25551,663462,Isaiah Campbell,BOS,6,0,0,0,0,0,0,0,0,0,0
25553,663671,Nic Enright,CLE,27,0,0,0,0,0,0,0,0,0,0
25582,669620,Brady Basso,ATH,11,0,0,0,0,0,0,0,0,0,0
25589,671111,Sammy Peralta,LAA,5,0,0,0,0,0,0,0,0,0,0
25595,675540,Xzavion Curry,MIA,3,0,0,0,0,0,0,0,0,0,0
25620,682825,Luis Mey,CIN,23,0,0,0,0,0,0,0,0,0,0
25636,683769,Hunter Gaddis,CLE,73,0,0,0,0,0,0,0,0,0,0
25648,686580,Justin Slaten,BOS,36,0,0,0,0,0,0,0,0,0,0
25651,686654,Ty Adcock,NYM,3,0,0,0,0,0,0,0,0,0,0
25679,687330,Kevin Kelly,TBR,41,0,0,0,0,0,0,0,0,0,0
25703,687849,Zak Kent,CLE,12,0,0,0,0,0,0,0,0,0,0
25756,666374,Matt Brash,SEA,53,0,0,0,0,0,0,0,0,0,0
25804,691094,Randy Wynne,CIN,1,0,0,0,0,0,0,0,0,0,0
25839,664351,Luis Contreras,HOU,9,0,0,0,0,0,0,0,0,0,0
25862,663562,Noah Davis,- - -,9,0,0,0,0,0,0,0,0,0,0
25873,671162,Connor Thomas,MIL,2,0,0,0,0,0,0,0,0,0,0
25880,686613,Hunter Brown,HOU,31,0,0,0,0,0,0,0,0,0,0
25890,687911,Bryan King,HOU,68,0,0,0,0,0,0,0,0,0,0
25911,666974,Yennier Cano,BAL,65,0,0,0,0,0,0,0,0,0,0
25921,668984,Casey Legumina,SEA,48,0,0,0,0,0,0,0,0,0,0
25957,681006,Josh Simpson,MIA,31,0,0,0,0,0,0,0,0,0,0
25977,682990,Quinn Priester,MIL,29,0,0,0,0,0,0,0,0,0,0
26020,686751,Seth Johnson,PHI,10,0,0,0,0,0,0,0,0,0,0
26030,687074,Tyler Owens,DET,3,0,0,0,0,0,0,0,0,0,0
26034,687424,Anthony Maldonado,ATH,6,0,0,0,0,0,0,0,0,0,0
26048,687830,Sawyer Gipson-Long,DET,8,0,0,0,0,0,0,0,0,0,0
26056,687888,Brandon Walter,HOU,9,0,0,0,0,0,0,0,0,0,0
26058,687922,Easton Lucas,TOR,6,0,0,0,0,0,0,0,0,0,0
26079,689225,Beau Brieske,DET,22,0,0,0,0,0,0,0,0,0,0
26108,669467,Andre Pallante,STL,31,0,0,0,0,0,0,0,0,0,0
26117,680604,Blas Castaño,SEA,1,0,0,0,0,0,0,0,0,0,0
26136,687166,Austin Pope,ARI,1,0,0,0,0,0,0,0,0,0,0
26152,669193,Jack Little,LAD,2,0,0,0,0,0,0,0,0,0,0
26171,687362,Connor Gillispie,MIA,6,0,0,0,0,0,0,0,0,0,0
26191,669704,Kade Strowd,BAL,25,0,0,0,0,0,0,0,0,0,0
26203,685314,Andrew Saalfrank,ARI,28,0,0,0,0,0,0,0,0,0,0
26214,669684,Chris Murphy,BOS,23,0,0,0,0,0,0,0,0,0,0
26215,671131,Jackson Rutledge,WSN,63,0,0,0,0,0,0,0,0,0,0
26221,686752,Ryan Pepiot,TBR,31,0,0,0,0,0,0,0,0,0,0
26231,663947,Tyler Holton,DET,70,0,0,0,0,0,0,0,0,0,0
26247,687377,Orlando Ribalta,WSN,22,0,0,0,0,0,0,0,0,0,0
26252,669062,Erik Miller,SFG,36,0,0,0,0,0,0,0,0,0,0
26255,673965,Caleb Freeman,CHW,5,0,0,0,0,0,0,0,0,0,0
26257,683155,Joey Estes,ATH,3,0,0,0,0,0,0,0,0,0,0
26259,685801,Hunter Bigge,TBR,13,0,0,0,0,0,0,0,0,0,0
26260,686753,Drey Jameson,ARI,3,0,0,0,0,0,0,0,0,0,0
26285,674072,Tommy Henry,ARI,2,0,0,0,0,0,0,0,0,0,0
26304,663773,Bryan Hoeing,SDP,7,0,0,0,0,0,0,0,0,0,0
26344,688497,Taylor Rashi,ARI,10,0,0,0,0,0,0,0,0,0,0
26353,687847,Marc Church,TEX,5,0,0,0,0,0,0,0,0,0,0
26378,666157,Nick Lodolo,CIN,29,0,0,0,0,0,0,0,0,0,0
26413,687863,Porter Hodge,CHC,36,0,0,0,0,0,0,0,0,0,0
26419,687134,Bradley Blalock,COL,14,0,0,0,0,0,0,0,0,0,0
26429,689520,Cody Laweryson,MIN,5,0,0,0,0,0,0,0,0,0,0
26440,687473,Ryan Gusto,- - -,27,0,0,0,0,0,0,0,0,0,0
26443,691951,Sam Aldegheri,LAA,4,0,0,0,0,0,0,0,0,0,0
26448,686790,Trevor McDonald,SFG,3,0,0,0,0,0,0,0,0,0,0
26463,692024,Alex Carrillo,NYM,3,0,0,0,0,0,0,0,0,0,0
26482,681151,Jayden Murray,HOU,9,0,0,0,0,0,0,0,0,0,0
26641,682790,Wikelman González,CHW,16,0,0,0,0,0,0,0,0,0,0
26790,683409,Angel Chivilli,COL,43,0,0,0,0,0,0,0,0,0,0
26944,683618,Edgardo Henriquez,LAD,22,0,0,0,0,0,0,0,0,0,0
26952,683627,Anthony Molina,COL,17,0,0,0,0,0,0,0,0,0,0
27271,686228,Juan Burgos,- - -,13,0,0,0,0,0,0,0,0,0,0
27407,691548,Rolddy Muñoz,ATL,3,0,0,0,0,0,0,0,0,0,0
27453,685107,Anthony Veneziano,- - -,26,0,0,0,0,0,0,0,0,0,0
27463,676979,Garrett Crochet,BOS,32,0,0,0,0,0,0,0,0,0,0
27468,672282,Reid Detmers,LAA,61,0,0,0,0,0,0,0,0,0,0
27470,676106,Emerson Hancock,SEA,22,0,0,0,0,0,0,0,0,0,0
27472,694363,Jared Shuster,CHW,12,0,0,0,0,0,0,0,0,0,0
27473,676917,Cade Cavalli,WSN,10,0,0,0,0,0,0,0,0,0,0
27474,676974,Max Meyer,MIA,12,0,0,0,0,0,0,0,0,0,0
27477,686826,Bryce Jarvis,ARI,12,0,0,0,0,0,0,0,0,0,0
27481,677961,Cole Wilcox,TBR,1,0,0,0,0,0,0,0,0,0,0
27483,676272,Bobby Miller,LAD,2,0,0,0,0,0,0,0,0,0,0
27487,689017,Landon Knack,LAD,10,0,0,0,0,0,0,0,0,0,0
27494,690925,Clayton Beeter,- - -,26,0,0,0,0,0,0,0,0,0,0
27498,675911,Spencer Strider,ATL,23,0,0,0,0,0,0,0,0,0,0
27500,677944,Slade Cecconi,CLE,23,0,0,0,0,0,0,0,0,0,0
27508,685068,Carson Ragsdale,BAL,2,0,0,0,0,0,0,0,0,0,0
27517,657649,Jared Koenig,MIL,72,0,0,0,0,0,0,0,0,0,0
27552,668933,Graham Ashcraft,CIN,62,0,0,0,0,0,0,0,0,0,0
27570,669371,Cole Henry,WSN,57,0,0,0,0,0,0,0,0,0,0
27572,669387,Carmen Mlodzinski,PIT,34,0,0,0,0,0,0,0,0,0,0
27581,669713,Hayden Wesneski,HOU,6,0,0,0,0,0,0,0,0,0,0
27582,669721,Davis Daniel,ATL,3,0,0,0,0,0,0,0,0,0,0
27583,670183,Garrett Acton,TBR,1,0,0,0,0,0,0,0,0,0,0
27589,671106,Logan Allen,CLE,30,0,0,0,0,0,0,0,0,0,0
27590,671109,Jake Eder,LAA,8,0,0,0,0,0,0,0,0,0,0
27626,679358,Eric Orze,TBR,33,0,0,0,0,0,0,0,0,0,0
27636,680730,Mitchell Parker,WSN,33,0,0,0,0,0,0,0,0,0,0
27646,682847,Luis Ortiz,CLE,16,0,0,0,0,0,0,0,0,0,0
27649,683175,Connor Phillips,CIN,21,0,0,0,0,0,0,0,0,0,0
27662,685005,Christian Roa,MIA,2,0,0,0,0,0,0,0,0,0,0
27668,685126,Brandon Eisert,CHW,72,0,0,0,0,0,0,0,0,0,0
27669,685299,Tanner Gordon,COL,15,0,0,0,0,0,0,0,0,0,0
27685,686730,Carson Spiers,CIN,3,0,0,0,0,0,0,0,0,0,0
27688,686799,Jack Kochanowicz,LAA,23,0,0,0,0,0,0,0,0,0,0
27691,686973,Louis Varland,- - -,74,0,0,0,0,0,0,0,0,0,0
27694,686993,Justin Sterner,ATH,59,0,0,0,0,0,0,0,0,0,0
27695,687003,Brian Van Belle,TBR,4,0,0,0,0,0,0,0,0,0,0
27702,687396,Brent Headrick,NYY,17,0,0,0,0,0,0,0,0,0,0
27707,687765,Mitch Spence,ATH,32,0,0,0,0,0,0,0,0,0,0
27753,690544,Bailey Horn,DET,10,0,0,0,0,0,0,0,0,0,0
27756,690953,Mick Abel,- - -,11,0,0,0,0,0,0,0,0,0,0
27758,690986,Kyle Harrison,- - -,11,0,0,0,0,0,0,0,0,0,0
27765,691172,Yosver Zulueta,CIN,7,0,0,0,0,0,0,0,0,0,0
27768,691587,Eury Pérez,MIA,20,0,0,0,0,0,0,0,0,0,0
27775,693312,Kyle Nicolas,PIT,31,0,0,0,0,0,0,0,0,0,0
27779,693821,Bryce Elder,ATL,28,0,0,0,0,0,0,0,0,0,0
27782,694297,Brandon Pfaadt,ARI,33,0,0,0,0,0,0,0,0,0,0
27783,694350,Zach Brzykcy,WSN,26,0,0,0,0,0,0,0,0,0,0
27787,694361,Will Klein,LAD,14,0,0,0,0,0,0,0,0,0,0
27812,699911,Dugan Darnell,COL,9,0,0,0,0,0,0,0,0,0,0
27819,687064,Brandon Young,BAL,12,0,0,0,0,0,0,0,0,0,0
27867,671922,Cade Smith,CLE,76,0,0,0,0,0,0,0,0,0,0
27889,669372,J.T. Ginn,ATH,23,0,0,0,0,0,0,0,0,0,0
27908,668716,Noah Murdock,ATH,14,0,0,0,0,0,0,0,0,0,0
27914,694037,Daniel Palencia,CHC,54,0,0,0,0,0,0,0,0,0,0
27932,693855,Ian Seymour,TBR,19,0,0,0,0,0,0,0,0,0,0
27967,691251,Andry Lara,WSN,9,0,0,0,0,0,0,0,0,0,0
27974,691441,Cristian Mena,ARI,3,0,0,0,0,0,0,0,0,0,0
27984,692030,Jose Corniell,TEX,1,0,0,0,0,0,0,0,0,0,0
28036,681432,Luke Little,CHC,2,0,0,0,0,0,0,0,0,0,0
29107,699134,Bradgley Rodriguez,SDP,7,0,0,0,0,0,0,0,0,0,0
29271,700270,Yilber Díaz,ARI,1,0,0,0,0,0,0,0,0,0,0
29519,700669,Gordon Graceffo,STL,26,0,0,0,0,0,0,0,0,0,0
29521,702795,Ryan Loutos,- - -,12,0,0,0,0,0,0,0,0,0,0
29530,686642,Fraser Ellard,CHW,18,0,0,0,0,0,0,0,0,0,0
29542,701552,Andre Granillo,STL,14,0,0,0,0,0,0,0,0,0,0
29564,687287,Patrick Monteverde,MIA,1,0,0,0,0,0,0,0,0,0,0
29574,695445,Chase Lee,DET,32,0,0,0,0,0,0,0,0,0,0
29608,671212,Joe Boyle,TBR,13,0,0,0,0,0,0,0,0,0,0
29615,679775,Kyle Backhus,ARI,32,0,0,0,0,0,0,0,0,0,0
29628,689690,Alek Jacob,SDP,29,0,0,0,0,0,0,0,0,0,0
29629,694335,Matt Svanson,STL,39,0,0,0,0,0,0,0,0,0,0
29633,694851,Andrew Hoffmann,- - -,11,0,0,0,0,0,0,0,0,0,0
29754,696147,Sam Bachman,LAA,23,0,0,0,0,0,0,0,0,0,0
29770,682254,Mason Montgomery,TBR,57,0,0,0,0,0,0,0,0,0,0
29812,688107,Robert Gasser,MIL,2,0,0,0,0,0,0,0,0,0,0
29837,682243,Bryce Miller,SEA,18,0,0,0,0,0,0,0,0,0,0
29839,686218,Emmet Sheehan,LAD,15,0,0,0,0,0,0,0,0,0,0
29863,686701,Ryan Bergert,- - -,19,0,0,0,0,0,0,0,0,0,0
29866,694646,Chayce McDermott,BAL,4,0,0,0,0,0,0,0,0,0,0
29868,696149,Bubba Chandler,PIT,7,0,0,0,0,0,0,0,0,0,0
29869,700241,Michael McGreevy,STL,17,0,0,0,0,0,0,0,0,0,0
29878,680732,Sean Burke,CHW,28,0,0,0,0,0,0,0,0,0,0
29911,671096,Andrew Abbott,CIN,29,0,0,0,0,0,0,0,0,0,0
29914,674841,Andrew Alvarez,WSN,5,0,0,0,0,0,0,0,0,0,0
29921,681293,Spencer Arrighetti,HOU,7,0,0,0,0,0,0,0,0,0,0
29928,689266,Dylan Dodd,ATL,28,0,0,0,0,0,0,0,0,0,0
29950,673929,Jordan Leasure,CHW,68,0,0,0,0,0,0,0,0,0,0
29960,700363,AJ Smith-Shawver,ATL,9,0,0,0,0,0,0,0,0,0,0
30002,680880,Grant Holman,ATH,22,0,0,0,0,0,0,0,0,0,0
30004,685326,McCade Brown,COL,7,0,0,0,0,0,0,0,0,0,0
30016,697812,Joe Rock,TBR,3,0,0,0,0,0,0,0,0,0,0
30055,700249,Cade Povich,BAL,22,0,0,0,0,0,0,0,0,0,0
30056,701581,David Festa,MIN,11,0,0,0,0,0,0,0,0,0,0
30074,681217,Chase Silseth,LAA,10,0,0,0,0,0,0,0,0,0,0
30076,694738,Landen Roupp,SFG,22,0,0,0,0,0,0,0,0,0,0
30084,693313,Carson Seymour,SFG,16,0,0,0,0,0,0,0,0,0,0
30085,676508,Ben Casparius,LAD,46,0,0,0,0,0,0,0,0,0,0
30094,696136,Jordan Wicks,CHC,8,0,0,0,0,0,0,0,0,0,0
30105,678024,Mike Vasil,CHW,47,0,0,0,0,0,0,0,0,0,0
30113,694477,Chad Patrick,MIL,27,0,0,0,0,0,0,0,0,0,0
30115,663158,Robert Suarez,SDP,70,0,0,0,0,0,0,0,0,0,0
30122,668909,Gavin Williams,CLE,31,0,0,0,0,0,0,0,0,0,0
30133,676428,Brant Hurter,DET,43,0,0,0,0,0,0,0,0,0,0
30134,676440,Tanner Bibee,CLE,31,0,0,0,0,0,0,0,0,0,0
30142,680951,Doug Nikhazy,CLE,2,0,0,0,0,0,0,0,0,0,0
30145,681916,Dylan Smith,DET,7,0,0,0,0,0,0,0,0,0,0
30153,687589,Dom Hamel,NYM,1,0,0,0,0,0,0,0,0,0,0
30160,690916,Richard Fitts,BOS,11,0,0,0,0,0,0,0,0,0,0
30161,692230,Carlos Rodriguez,MIL,4,0,0,0,0,0,0,0,0,0,0
30170,695534,Chase Petty,CIN,3,0,0,0,0,0,0,0,0,0,0
30171,696131,Mason Black,SFG,1,0,0,0,0,0,0,0,0,0,0
30179,701487,Pierson Ohl,MIN,14,0,0,0,0,0,0,0,0,0,0
30180,701519,Travis Adams,MIN,18,0,0,0,0,0,0,0,0,0,0
30182,701542,Will Warren,NYY,33,0,0,0,0,0,0,0,0,0,0
30184,702070,Noah Cameron,KCR,24,0,0,0,0,0,0,0,0,0,0
30203,695549,Jackson Jobe,DET,10,0,0,0,0,0,0,0,0,0,0
30206,801216,Christian Montes De Oca,ARI,1,0,0,0,0,0,0,0,0,0,0
30226,702352,Spencer Bivens,SFG,54,0,0,0,0,0,0,0,0,0,0
30240,690928,Hunter Dobbins,BOS,13,0,0,0,0,0,0,0,0,0,0
30249,676263,Jack Dreyer,LAD,67,0,0,0,0,0,0,0,0,0,0
30250,677955,Jaden Hill,COL,28,0,0,0,0,0,0,0,0,0,0
30279,693433,Bryan Woo,SEA,30,0,0,0,0,0,0,0,0,0,0
30661,800311,Didier Fuentes,ATL,4,0,0,0,0,0,0,0,0,0,0
31184,692285,Luis Guerrero,BOS,13,0,0,0,0,0,0,0,0,0,0
31204,680736,Justin Wrobleski,LAD,24,0,0,0,0,0,0,0,0,0,0
31261,688297,Chris Roycroft,STL,20,0,0,0,0,0,0,0,0,0,0
31312,676467,Colton Gordon,HOU,20,0,0,0,0,0,0,0,0,0,0
31318,680684,Gunnar Hoglund,ATH,6,0,0,0,0,0,0,0,0,0,0
31461,690829,Ben Joyce,LAA,5,0,0,0,0,0,0,0,0,0,0
31468,678022,Jack Perkins,ATH,12,0,0,0,0,0,0,0,0,0,0
31475,701656,Logan Henderson,MIL,5,0,0,0,0,0,0,0,0,0,0
31501,690382,Michael Darrell-Hicks,- - -,7,0,0,0,0,0,0,0,0,0,0
31508,702674,Caden Dana,LAA,7,0,0,0,0,0,0,0,0,0,0
31533,682989,Victor Mederos,LAA,5,0,0,0,0,0,0,0,0,0,0
31552,688642,Zach Agnos,COL,30,0,0,0,0,0,0,0,0,0,0
31553,689254,Mason Fluharty,TOR,55,0,0,0,0,0,0,0,0,0,0
31571,801434,Paul Gervase,- - -,6,0,0,0,0,0,0,0,0,0,0
31598,669449,Jake Palisch,CHW,1,0,0,0,0,0,0,0,0,0,0
31610,687209,Zach Maxwell,CIN,8,0,0,0,0,0,0,0,0,0,0
31612,687223,Carson Palmquist,COL,9,0,0,0,0,0,0,0,0,0,0
31616,688158,David Morgan,SDP,41,0,0,0,0,0,0,0,0,0,0
31623,694819,Jacob Misiorowski,MIL,15,0,0,0,0,0,0,0,0,0,0
31635,806185,Hayden Birdsong,SFG,21,0,0,0,0,0,0,0,0,0,0
31676,687931,Carson Whisenhunt,SFG,5,0,0,0,0,0,0,0,0,0,0
31687,681343,Shane Smith,CHW,29,0,0,0,0,0,0,0,0,0,0
31701,694918,Blade Tidwell,NYM,4,0,0,0,0,0,0,0,0,0,0
31730,686563,Jonathan Cannon,CHW,22,0,0,0,0,0,0,0,0,0,0
31741,686930,Mason Barnett,ATH,5,0,0,0,0,0,0,0,0,0,0
31751,680729,Garrett McDaniels,LAA,10,0,0,0,0,0,0,0,0,0,0
31757,695243,Mason Miller,- - -,60,0,0,0,0,0,0,0,0,0,0
31764,805123,AJ Blubaugh,HOU,11,0,0,0,0,0,0,0,0,0,0
31776,689147,Orion Kerkering,PHI,69,0,0,0,0,0,0,0,0,0,0
31807,675512,Troy Melton,DET,16,0,0,0,0,0,0,0,0,0,0
31815,806188,Cade Gibson,MIA,44,0,0,0,0,0,0,0,0,0,0
31827,805673,Zebby Matthews,MIN,16,0,0,0,0,0,0,0,0,0,0
31838,673540,Kodai Senga,NYM,22,0,0,0,0,0,0,0,0,0,0
31843,677958,Kumar Rocker,TEX,14,0,0,0,0,0,0,0,0,0,0
31846,680885,Spencer Schwellenbach,ATL,17,0,0,0,0,0,0,0,0,0,0
31872,690990,Cade Horton,CHC,23,0,0,0,0,0,0,0,0,0,0
31883,700187,Troy Taylor,SEA,8,0,0,0,0,0,0,0,0,0,0
31884,701121,Logan VanWey,HOU,9,0,0,0,0,0,0,0,0,0,0
31900,800049,Adam Mazur,MIA,6,0,0,0,0,0,0,0,0,0,0
31913,802686,Hayden Harris,ATL,3,0,0,0,0,0,0,0,0,0,0
31972,695418,Brad Lord,WSN,48,0,0,0,0,0,0,0,0,0,0
31986,800048,Parker Messick,CLE,7,0,0,0,0,0,0,0,0,0,0
31989,802419,Thomas Harrington,PIT,3,0,0,0,0,0,0,0,0,0,0
32026,805427,Drew Sommers,DET,4,0,0,0,0,0,0,0,0,0,0
32095,693645,Cam Schlittler,NYY,14,0,0,0,0,0,0,0,0,0,0
32157,804636,Jonah Tong,NYM,5,0,0,0,0,0,0,0,0,0,0
32227,806960,Luis Morales,ATH,10,0,0,0,0,0,0,0,0,0,0
33174,682995,Hunter Barco,PIT,2,0,0,0,0,0,0,0,0,0,0
33248,684974,Craig Yoho,MIL,8,0,0,0,0,0,0,0,0,0,0
33294,678020,Seth Halvorsen,COL,42,0,0,0,0,0,0,0,0,0,0
33482,801403,Chase Dollander,COL,21,0,0,0,0,0,0,0,0,0,0
33527,694462,Hurston Waldrep,ATL,10,0,0,0,0,0,0,0,0,0,0
33568,805299,Brandyn Garcia,- - -,14,0,0,0,0,0,0,0,0,0,0
33628,815083,Mitch Farris,LAA,5,0,0,0,0,0,0,0,0,0,0
33666,813349,Connelly Early,BOS,4,0,0,0,0,0,0,0,0,0,0
33677,694973,Paul Skenes,PIT,32,0,0,0,0,0,0,0,0,0,0
33699,688138,Logan Evans,SEA,16,0,0,0,0,0,0,0,0,0,0
33703,690997,Nolan McLean,NYM,8,0,0,0,0,0,0,0,0,0,0
33821,691769,Philip Abner,ARI,5,0,0,0,0,0,0,0,0,0,0
33825,808967,Yoshinobu Yamamoto,LAD,30,0,0,0,0,0,0,0,0,0,0
33826,673513,Yuki Matsui,SDP,61,0,0,0,0,0,0,0,0,0,0
33829,684007,Shota Imanaga,CHC,25,0,0,0,0,0,0,0,0,0,0
33834,689958,Andrew Walters,CLE,2,0,0,0,0,0,0,0,0,0,0
33838,684320,Yariel Rodríguez,TOR,66,0,0,0,0,0,0,0,0,0,0
33850,687075,Brandon Sproat,NYM,4,0,0,0,0,0,0,0,0,0,0
33908,820862,José Fermin,LAA,40,0,0,0,0,0,0,0,0,0,0
33927,691799,Grant Taylor,CHW,36,0,0,0,0,0,0,0,0,0,0
33980,702752,Jonathan Pintaro,NYM,1,0,0,0,0,0,0,0,0,0,0
35321,608372,Tomoyuki Sugano,BAL,30,0,0,0,0,0,0,0,0,0,0
35323,808963,Roki Sasaki,LAD,10,0,0,0,0,0,0,0,0,0,0
35325,696270,Ryan Johnson,LAA,14,0,0,0,0,0,0,0,0,0,0
35333,695505,Chase Burns,CIN,13,0,0,0,0,0,0,0,0,0,0
35456,702056,Trey Yesavage,TOR,3,0,0,0,0,0,0,0,0,0,0
35466,801139,Payton Tolle,BOS,7,0,0,0,0,0,0,0,0,0,0
28142,691373,Jhostynxon Garcia,BOS,5,7,0,0,1,0,0,0,0,2,0
31991,804668,Rafael Flores Jr.,PIT,7,15,0,1,2,0,0,0,0,2,0
29573,695257,Billy Cook,PIT,3,6,1,2,0,0,0,0,0,0,0
10655,542963,Rob Brantly,MIA,3,7,0,3,0,0,0,1,0,0,0
17954,656541,Sam Hilliard,COL,20,51,8,4,3,1,2,3,2,10,0
30146,683004,Jack Leiter,TEX,30,1,0,0,0,0,0,0,0,0,0
12317,607067,Colin Rea,CHC,32,1,0,0,0,0,0,0,0,0,0
17735,641302,Tyler Alexander,- - -,52,1,0,0,0,0,0,0,0,0,0
35324,829272,Shinnosuke Ogasawara,WSN,23,1,0,0,0,0,0,0,0,0,0
25621,682868,Bryan Ramos,CHW,4,12,1,0,2,0,0,2,0,0,0
23733,677649,Ezequiel Duran,TEX,90,205,16,32,14,0,0,14,11,8,4
25005,681909,Justin Dean,LAD,18,2,0,0,0,0,0,0,1,0,0
22286,669432,Trevor Rogers,BAL,18,2,0,0,0,0,0,0,0,0,0
15055,624513,Dom Nuñez,CLE,2,7,2,2,0,0,0,0,0,0,0
24400,679631,Terrin Vavra,BAL,1,1,0,0,0,0,0,0,0,0,0
20404,676724,Jared Young,NYM,23,43,5,3,1,0,4,6,0,2,1
21558,663837,Matt Vierling,DET,31,88,6,17,3,0,1,11,2,7,3
10200,571466,Tucker Barnhart,TEX,8,13,0,3,0,0,0,0,0,1,1
25448,675659,Greg Jones,CHW,3,2,0,0,0,0,0,0,1,0,0
20003,669374,Keston Hiura,COL,8,18,3,3,1,0,0,1,0,0,3
20311,667452,Corey Julks,CHW,6,12,2,1,2,0,0,1,0,0,0
26546,682663,Agustín Ramírez,MIA,136,537,72,69,33,1,21,67,16,36,8
27915,696030,Alejandro Osuna,TEX,63,151,12,26,4,0,2,15,5,21,2
29554,680728,Adrian Del Castillo,ARI,44,120,9,19,6,0,4,17,0,8,1
18067,596117,Garrett Stubbs,PHI,5,1,2,0,0,0,0,0,0,0,0
13768,608671,Travis Jankowski,- - -,26,45,8,9,2,0,0,2,2,3,0
8623,456781,Donovan Solano,- - -,71,166,10,33,4,1,3,21,0,8,3
19824,642020,Chuckie Robinson,LAD,1,1,1,0,0,0,0,0,0,0,0
21547,663796,Coco Montes,TBR,5,10,0,2,0,0,0,1,0,0,0
15161,641598,Mitch Garver,SEA,87,254,29,38,5,1,9,30,3,30,3
22232,669200,Mason McCoy,SDP,18,22,5,2,1,0,0,1,2,3,1
25353,683021,Michael Stefanic,TOR,9,22,1,4,0,0,0,0,0,3,0
22054,667472,Dane Myers,MIA,106,307,29,56,10,0,6,31,18,23,2
16451,641645,Luis Guillorme,HOU,12,20,2,3,0,0,0,0,0,1,0
29958,695670,Harry Ford,SEA,8,6,1,1,0,0,0,1,0,0,1
27504,694377,Nick Yorke,PIT,22,69,7,12,3,0,1,8,1,3,0
31793,689041,Rhylan Thomas,SEA,3,8,2,0,1,0,0,2,0,1,0
16953,644433,Chadwick Tromp,- - -,8,21,2,1,1,0,1,1,0,1,0
25705,687957,Dustin Harris,TEX,19,40,5,4,3,0,1,2,1,3,0
31564,702176,Alan Roden,- - -,55,136,17,17,6,1,2,9,1,8,6
19779,680118,Dairon Blanco,KCR,9,6,2,0,1,0,0,1,3,0,0
22275,669394,Jake Burger,TEX,103,356,43,52,15,1,16,53,1,12,5
25814,667690,C.J. Stubbs,WSN,1,3,0,0,0,0,0,0,0,0,0
24597,680716,Jonathan Ornelas,- - -,6,9,1,2,0,0,0,0,0,1,0
27763,691011,Drew Romo,COL,3,3,0,0,0,0,0,0,0,0,0
12147,605113,Nick Ahmed,TEX,5,9,1,0,0,0,0,0,1,1,0
24641,680862,Willie MacIver,ATH,33,102,7,11,5,0,3,9,3,7,2
11489,572191,Michael A. Taylor,CHW,134,295,33,29,20,1,9,35,8,23,1
16925,605244,Aramis Garcia,ARI,2,4,0,0,0,0,0,0,0,0,0
27501,679822,Justin Foscue,TEX,4,9,0,0,1,0,0,2,0,0,0
31837,807799,Masataka Yoshida,BOS,55,188,16,35,11,0,4,26,3,10,3
22411,670276,Cal Stevenson,PHI,5,8,0,2,0,0,0,1,0,0,0
24782,681584,David Villar,SFG,9,20,4,3,1,0,0,1,0,4,1
22557,672279,Michael Siani,STL,19,17,4,4,0,0,0,0,0,2,0
12155,592696,Eddie Rosario,- - -,5,8,1,1,0,0,0,0,0,0,0
13590,608385,Jesse Winker,NYM,26,70,8,8,5,2,1,10,1,9,0
27599,674441,Jacob Hurtubise,CIN,12,12,3,1,0,0,0,0,0,1,2
29617,680779,Henry Davis,PIT,87,252,25,28,7,0,7,22,2,18,5
25714,688760,Blaine Crim,- - -,20,65,10,6,2,0,5,12,0,6,1
18821,640492,José Azocar,- - -,14,19,5,5,0,0,0,1,1,2,0
5273,506702,Sandy León,ATL,5,12,1,0,0,0,1,3,0,0,0
23788,677941,Jordyn Adams,BAL,10,5,1,0,0,0,0,0,0,0,0
31382,687221,Dalton Rushing,LAD,53,142,15,20,5,0,4,24,0,10,1
18042,664238,Dylan Moore,- - -,106,219,35,28,5,0,11,25,14,20,1
27735,689172,Brett Wisely,- - -,26,54,5,5,4,0,1,10,1,7,0
21897,666624,Christopher Morel,TBR,105,278,37,34,16,0,11,33,7,25,2
22274,669392,Samad Taylor,SEA,4,8,1,1,0,0,0,0,0,0,0
25660,686823,Will Brennan,CLE,6,11,0,1,0,0,0,0,0,1,1
19599,676801,Chas McCormick,HOU,66,100,13,15,5,0,1,5,2,9,1
19953,666139,Josh Lowe,TBR,108,396,56,53,21,2,11,40,18,33,3
19643,669288,Daniel Johnson,- - -,31,53,13,6,3,0,1,1,2,4,0
9847,457705,Andrew McCutchen,PIT,135,477,51,79,22,0,13,57,1,67,2
27497,682997,Tyler Callihan,CIN,4,6,0,1,0,0,0,1,0,0,0
26224,687231,Darell Hernaiz,ATH,51,173,17,32,5,1,2,16,3,17,0
11442,596142,Gary Sánchez,BAL,30,91,13,14,2,0,5,24,0,4,5
27963,691185,Maximo Acosta,MIA,19,54,7,7,1,0,3,5,1,6,1
16417,642727,Sergio Alcántara,SFG,1,4,0,0,0,0,0,0,0,0,0
25483,686765,Nick Sogard,BOS,30,96,13,17,8,0,0,9,2,5,3
21622,664983,Jake McCarthy,ARI,67,206,18,26,7,5,4,20,6,10,2
26368,668709,JJ Bleday,ATH,98,307,48,34,17,0,14,39,1,36,0
21635,665155,Nick Maton,CHW,25,54,5,5,2,0,2,4,0,9,0
28344,691907,Tsung-Che Cheng,PIT,3,7,0,0,0,0,0,0,0,0,0
30163,693409,César Prieto,STL,3,6,0,1,0,0,0,0,0,0,0
18353,663662,Daz Cameron,MIL,21,41,7,6,1,0,1,3,1,1,0
26540,682657,Angel Martínez,CLE,139,446,56,64,23,2,11,45,8,23,6
14712,622534,Manuel Margot,DET,6,19,1,6,0,0,0,3,0,0,0
19958,666198,Carter Kieboom,LAA,3,8,0,2,0,0,0,1,0,0,0
29830,676466,Jack Winkler,MIA,14,16,2,2,2,0,0,0,1,0,0
10472,571771,Enrique Hernández,LAD,93,232,30,29,8,0,10,35,0,18,0
10441,572138,Jon Singleton,HOU,3,9,0,1,0,0,0,0,0,0,0
21535,663731,Connor Kaiser,ARI,11,18,1,1,1,0,0,2,0,1,0
19960,666211,Taylor Trammell,HOU,52,117,15,13,7,0,3,12,3,17,0
33390,805811,Bryce Eldridge,SFG,10,28,1,1,2,0,0,4,0,7,1
19314,622268,Donovan Walton,PHI,2,8,1,1,0,0,0,1,0,0,0
31394,681460,Brooks Baldwin,CHW,103,300,32,45,15,1,11,38,5,21,1
19458,669450,Cooper Hummel,- - -,37,88,10,12,0,0,3,7,1,14,2
28022,700337,Edgar Quero,CHW,111,365,31,76,17,0,5,36,0,32,4
22209,669087,Sam Huff,SFG,20,53,5,8,1,0,2,4,0,4,0
22165,668723,Ryan Vilade,- - -,8,13,1,1,0,0,0,0,0,2,0
23790,677943,Will Banfield,CIN,7,10,0,1,0,0,0,0,0,0,0
33644,692225,Kristian Campbell,BOS,67,229,24,35,10,0,6,21,2,29,4
22263,669357,Nolan Gorman,STL,111,351,48,43,14,1,14,46,1,47,0
15654,641856,Billy McKinney,TEX,6,20,4,3,1,0,0,1,0,1,0
22566,672359,Tirso Ornelas,SDP,7,14,0,1,0,0,0,1,0,2,0
16219,605204,J.D. Davis,LAA,5,9,0,1,0,0,0,0,0,0,0
23802,678011,Anthony Seigler,MIL,34,62,6,11,1,0,0,5,2,8,1
31792,805249,Otto Kemp,PHI,62,197,26,27,11,0,8,28,2,12,7
21735,665861,Sebastián Rivero,LAA,11,33,4,4,2,0,0,2,1,1,0
18363,645302,Victor Robles,SEA,32,106,12,20,4,1,1,9,6,3,3
27573,669398,Gage Workman,- - -,12,16,0,2,1,0,0,2,1,1,0
26467,682641,Luis Matos,SFG,57,172,26,20,9,1,8,22,4,11,0
10231,578428,Jose Iglesias,SDP,112,306,29,56,11,0,3,36,5,24,7
19252,624415,Cavan Biggio,KCR,37,69,9,9,2,0,1,4,1,11,1
23442,676679,Luis Vázquez,BAL,36,50,6,6,1,0,1,3,2,3,0
23378,676480,José Barrero,STL,22,29,4,2,1,0,1,3,0,1,1
5827,527038,Wilmer Flores,SFG,125,419,44,75,10,0,16,71,1,34,7
25805,666165,Blake Sabol,BOS,8,16,2,1,1,0,0,1,0,1,0
19262,641658,Garrett Hampson,- - -,62,77,19,9,2,0,0,1,3,11,0
23818,678225,Ji Hwan Bae,PIT,13,20,4,1,0,0,0,0,4,5,0
23917,678391,Jorbit Vivas,NYY,29,56,6,6,2,0,1,5,0,5,3
29634,695238,Will Wagner,- - -,55,129,15,22,7,0,0,7,1,17,2
21523,663697,Jonathan India,KCR,136,497,63,78,29,0,9,45,0,54,13
16426,642731,Thairo Estrada,COL,39,154,14,27,9,0,3,21,1,6,2
28824,694212,Samuel Basallo,BAL,31,109,10,8,6,0,4,15,0,6,3
19339,670032,Nicky Lopez,- - -,19,24,2,1,0,0,0,1,0,4,0
20557,680769,CJ Alexander,ATH,6,17,0,3,0,0,0,0,0,0,0
29993,691781,Brady House,WSN,73,261,26,46,11,0,4,29,5,8,0
25980,683090,Matthew Lugo,LAA,31,69,9,9,2,1,4,9,0,0,1
12180,595751,Jorge Alfaro,WSN,14,39,3,8,2,0,0,3,1,0,0
26599,682729,Jonatan Clase,TOR,34,100,10,16,3,0,2,9,3,10,1
12158,605131,Austin Barnes,LAD,13,42,4,6,3,0,0,2,0,1,0
23782,677870,Leo Jiménez,TOR,18,29,2,1,0,0,1,1,0,2,0
29766,680869,Zack Gelof,ATH,30,92,12,11,3,0,2,7,1,7,0
31680,702284,Cole Young,SEA,77,223,24,35,7,1,4,24,1,28,2
25629,683227,Cody Freeman,TEX,36,114,13,19,4,0,3,15,1,5,0
25855,685301,Matt Gorski,PIT,15,41,2,5,0,1,2,4,0,1,0
25183,682183,Drew Avans,- - -,8,17,1,2,0,0,0,1,1,0,0
17040,645444,Jose Herrera,ARI,58,166,21,23,6,0,2,17,0,23,1
5235,457759,Justin Turner,CHC,80,169,14,27,7,0,3,18,2,17,1
19890,656896,Emmanuel Rivera,BAL,43,120,5,26,4,0,0,13,1,6,1
31661,689200,Jacob Melton,HOU,32,70,7,10,0,1,0,7,7,6,1
31437,690291,Jace Jung,DET,21,47,8,5,0,0,0,3,0,7,1
30038,700246,Carson Williams,TBR,32,99,11,9,3,0,5,12,2,6,0
12434,607680,Kevin Pillar,TEX,20,43,6,7,2,0,0,1,3,0,0
26295,686554,Oliver Dunn,MIL,14,36,4,4,2,0,0,6,1,2,0
27770,691728,Zac Veen,COL,12,34,1,2,1,0,1,2,1,2,1
7739,518595,Travis d'Arnaud,LAA,69,213,16,23,13,0,6,21,0,13,4
17907,663898,Brendan Rodgers,HOU,43,115,12,16,4,0,2,11,0,11,1
26148,663536,Tristin English,ARI,7,22,0,1,1,0,0,1,0,1,0
25524,668845,Aaron Schunk,COL,16,32,1,5,1,0,0,0,0,0,0
19997,669289,Santiago Espinal,CIN,114,301,25,61,12,0,0,16,2,21,1
17975,664068,Scott Kingery,LAA,19,27,3,3,1,0,0,0,1,2,0
15730,642180,Tyler Wade,SDP,60,107,13,19,1,2,0,9,1,15,1
14221,624585,Jorge Soler,LAA,82,279,31,36,12,0,12,34,0,28,4
27789,694376,Shay Whitcomb,HOU,20,32,4,3,0,0,1,1,0,0,0
16623,656185,Greg Allen,BAL,7,14,1,0,0,0,0,0,0,0,0
30028,676044,Bob Seymour,TBR,26,78,9,13,1,1,1,5,1,4,1
20970,660757,Oscar Gonzalez,SDP,21,59,2,12,1,0,0,4,0,2,0
15711,641933,Tyler O'Neill,BAL,54,181,22,20,6,1,9,26,4,22,3
19566,663993,Nathaniel Lowe,- - -,153,540,64,79,23,3,18,84,1,62,2
19294,669256,Nick Solak,PIT,4,11,0,1,0,0,0,0,0,0,0
20126,666185,Dylan Carlson,BAL,83,217,17,28,9,1,6,20,3,21,2
20056,676701,Alan Trejo,COL,14,40,3,5,2,0,0,1,0,1,0
22217,669134,Luis Campusano,SDP,10,21,0,0,0,0,0,0,0,6,0
13757,621035,Chris Taylor,- - -,58,113,15,12,7,0,2,12,2,5,6
10681,570482,Gio Urshela,ATH,59,181,10,28,14,1,0,20,0,13,0
25690,687529,Grant McCray,SFG,22,22,3,1,0,1,0,2,0,2,0
18171,664913,Seth Brown,ATH,38,65,6,9,2,0,1,3,1,9,2
16357,622569,Pablo Reyes,NYY,25,31,4,5,1,0,0,2,1,2,0
29614,677060,Chad Stevens,LAA,5,13,1,2,0,0,0,0,0,0,0
15941,543592,Austin Nola,COL,15,38,2,6,1,0,0,1,0,2,0
29779,691777,Max Muncy,ATH,63,206,17,28,7,0,9,23,1,10,3
18373,663624,Ryan Mountcastle,BAL,89,332,34,58,18,0,7,35,3,15,4
30063,671976,Tristan Peters,TBR,4,12,0,0,0,0,0,0,0,0,0
23395,676572,Eric Wagaman,MIA,140,476,56,79,28,3,9,53,4,32,1
23968,678489,Jorge Barrosa,ARI,33,71,8,6,3,0,1,7,0,2,1
26536,682653,Warming Bernabel,COL,40,139,15,22,8,1,4,14,1,7,0
29782,694359,Niko Kavadas,LAA,10,20,0,2,0,0,0,0,0,3,0
17452,642350,Jose Siri,NYM,16,32,7,0,2,0,0,1,2,4,0
19358,642215,Weston Wilson,PHI,54,111,15,13,4,0,5,17,2,12,1
23312,676116,Ryan Noda,- - -,23,47,3,4,0,0,1,2,1,11,0
20538,669304,Jose Miranda,MIN,12,36,2,5,0,0,1,5,0,0,0
33098,676812,Carson McCusker,MIN,16,29,0,5,0,0,0,1,0,1,0
23372,676439,Hunter Feduccia,- - -,38,88,5,8,5,0,0,8,1,15,0
25867,668952,Ryan Kreidler,DET,17,38,5,4,0,0,0,0,2,4,0
19600,650559,Bryan De La Cruz,ATL,16,47,1,8,1,0,0,0,1,3,0
25688,687478,Cam Devanney,PIT,14,36,1,4,1,0,0,1,0,2,0
19198,493329,Yuli Gurriel,SDP,16,36,2,3,1,0,0,3,0,4,0
31354,699625,Jimmy Crooks,STL,15,45,3,4,0,1,1,1,0,0,1
10243,545341,Randal Grichuk,- - -,113,272,35,34,18,1,9,27,0,17,1
27684,686681,Michael Massey,KCR,77,262,20,52,9,0,3,20,2,9,1
22530,671286,Johnathan Rodríguez,CLE,31,71,6,7,4,1,2,10,1,6,0
12037,542932,Jon Berti,CHC,53,100,12,19,2,0,0,2,11,5,2
25434,669717,Will Wilson,CLE,34,78,7,11,4,0,0,2,2,7,1
27845,670223,Matt Mervis,MIA,42,120,15,10,4,0,7,14,0,11,2
21797,665953,Andrés Chaparro,WSN,34,66,4,9,2,0,1,5,0,5,1
20529,666134,Nolan Jones,CLE,136,355,34,54,14,2,5,34,8,39,5
28816,694203,Denzer Guzman,LAA,13,42,4,5,1,0,2,3,0,1,0
19931,663897,Luke Williams,ATL,45,31,5,2,2,0,0,5,5,1,1
12005,605361,Nick Martini,COL,43,102,9,18,4,0,1,4,0,9,0
22505,671083,Buddy Kennedy,- - -,13,29,2,1,1,0,0,1,0,2,1
27482,690987,Robert Hassell III,WSN,70,197,22,32,9,0,3,18,4,8,1
20287,666163,Ben Rortvedt,- - -,44,112,9,13,3,0,1,10,0,11,2
29976,691783,Jordan Lawlar,ARI,28,66,9,5,7,0,0,5,2,6,1
22842,672744,Alexander Canario,PIT,87,216,25,34,6,1,6,20,3,17,0
29704,690924,Braxton Fulford,COL,38,108,11,15,5,2,1,16,1,7,2
16930,641680,Jonah Heim,TEX,124,395,38,59,14,0,11,43,3,32,1
22558,672284,Jarred Kelenic,ATL,24,60,7,6,2,0,2,2,0,5,0
15429,592178,Kris Bryant,COL,11,39,2,4,2,0,0,1,0,2,0
23695,677592,Everson Pereira,TBR,23,65,7,6,1,0,2,8,2,7,0
24770,681546,James Outman,- - -,59,134,19,6,5,1,6,11,1,12,2
27493,677956,Rece Hinds,CIN,15,43,6,2,1,0,2,3,0,1,0
16939,657041,Lane Thomas,CLE,39,125,10,14,2,0,4,11,4,14,1
17273,622761,Jorge Mateo,BAL,43,79,9,9,4,0,1,3,15,4,0
4940,518792,Jason Heyward,SDP,34,85,9,11,2,0,2,12,0,6,0
19384,670092,Trenton Brooks,SDP,25,41,5,3,2,0,1,2,0,2,0
22244,669261,Jack Suwinski,PIT,59,150,15,12,7,0,3,10,7,24,4
31522,671284,Tim Elko,CHW,23,67,6,4,1,0,4,8,1,5,0
11737,592206,Nick Castellanos,PHI,147,547,72,91,27,2,17,72,4,32,4
24934,681807,David Fry,CLE,66,146,16,13,4,0,8,23,1,9,2
26106,668974,Maverick Handley,BAL,16,41,2,3,0,0,0,3,0,2,1
25844,669722,Logan Davidson,- - -,19,42,3,4,2,0,1,4,0,3,0
22197,669004,MJ Melendez,KCR,23,60,5,2,2,0,1,1,0,3,2
19864,656180,Riley Adams,WSN,83,263,29,33,8,0,8,24,1,18,5
16376,624424,Michael Conforto,LAD,138,418,54,51,20,0,12,36,1,56,9
20505,671221,Drew Waters,KCR,71,206,21,40,6,3,1,14,5,11,2
22514,671213,Triston Casas,BOS,29,99,5,12,3,0,3,11,0,11,2
30011,687952,Christian Encarnacion-Strand,CIN,36,130,13,17,4,0,6,19,0,3,2
25346,682927,Ronny Simon,- - -,27,77,10,15,3,0,0,7,1,8,0
25332,682848,Endy Rodríguez,PIT,18,52,5,5,4,0,0,2,0,5,0
11445,592192,Mark Canha,KCR,46,113,9,20,3,0,1,6,0,7,3
17696,621028,Kevin Newman,LAA,57,114,13,19,2,0,2,11,1,1,0
31396,682988,Tyler Locklear,ARI,31,103,11,15,0,0,3,6,3,10,3
19844,647351,Abraham Toro,BOS,77,259,33,42,13,0,7,27,2,14,6
13621,600869,Jeimer Candelario,CIN,22,80,3,5,2,0,2,10,0,9,0
19818,641943,Joshua Palacios,CHW,51,128,11,19,4,0,3,9,0,12,4
24703,681146,Jonah Bride,- - -,45,112,7,17,2,0,0,5,0,11,1
19896,657136,Connor Wong,BOS,63,168,16,24,8,0,0,7,2,16,1
24759,681508,Mickey Gasper,MIN,45,95,15,12,1,0,2,11,2,10,3
21270,656248,Sean Bouchard,COL,32,66,7,9,0,1,1,7,1,7,0
22532,671289,Tyler Freeman,COL,110,377,50,82,20,2,2,31,18,34,11
28552,692585,Yanquiel Fernández,COL,52,138,13,22,5,0,4,11,0,8,0
16572,656582,Connor Joe,- - -,42,70,2,9,4,0,0,4,2,7,1
6887,455117,Martín Maldonado,SDP,64,147,11,20,6,0,4,12,0,8,0
18900,665750,Leody Taveras,- - -,58,171,13,25,6,1,3,17,9,5,0
11899,592626,Joc Pederson,TEX,96,265,28,28,10,1,9,26,2,34,5
27534,666397,Edouard Julien,MIN,64,182,13,27,10,0,3,12,0,22,2
23296,676070,Jacob Amaya,CHW,37,66,7,6,1,0,0,8,2,3,0
22823,672724,Oswald Peraza,- - -,106,244,24,29,6,0,5,20,9,17,2
24729,681351,Logan O'Hoppe,LAA,119,423,35,62,8,1,19,43,2,24,2
25467,683770,Will Robertson,- - -,27,70,2,8,1,0,0,9,0,2,2
13185,606115,Orlando Arcia,- - -,76,203,13,30,7,1,3,13,0,10,0
24496,680577,DaShawn Keirsey Jr.,MIN,74,84,11,7,0,0,2,6,10,2,1
27962,691182,Adael Amador,COL,41,113,5,12,7,0,1,10,1,11,1
29575,700242,Trey Sweeney,DET,118,296,36,44,6,2,6,32,3,26,0
17027,657077,Alex Verdugo,ATL,56,197,21,37,10,0,0,12,1,14,2
14551,623993,Anthony Santander,TOR,54,194,16,23,5,0,6,18,0,25,1
15464,592669,Hunter Renfroe,KCR,35,99,5,12,6,0,0,4,0,8,0
25040,681962,Vinny Capra,- - -,47,96,10,9,2,0,1,6,2,3,1
19610,660688,Keibert Ruiz,WSN,68,255,19,49,12,0,2,25,0,8,3
14813,571657,Kyle Farmer,COL,97,277,24,41,14,0,8,31,0,17,4
24257,678877,Jhonkensy Noel,CLE,69,148,19,16,2,0,6,13,0,4,0
31166,677008,Heston Kjerstad,BAL,54,156,16,19,5,2,4,19,1,6,4
27475,691023,Jordan Walker,STL,111,363,40,58,13,1,6,41,10,29,3
19734,668942,Josh Rojas,CHW,69,189,14,23,9,0,2,11,4,19,0
13723,607732,Jacob Stallings,- - -,43,119,5,12,4,0,0,9,0,6,3
18126,664774,LaMonte Wade Jr.,- - -,80,209,19,23,8,2,2,18,1,27,3
35041,695506,Jac Caglianone,KCR,62,210,19,19,6,1,7,18,1,18,4
25845,669911,Michael Toglia,COL,88,306,22,31,15,1,11,32,3,28,1
